static const uint8_t aircraft_airbus_a350_png[] = {
  0x89, 0x50, 0x4e, 0x47, 0x0d, 0x0a, 0x1a, 0x0a, 0x00, 0x00, 0x00, 0x0d,
  0x49, 0x48, 0x44, 0x52, 0x00, 0x00, 0x01, 0x18, 0x00, 0x00, 0x00, 0x4d,
  0x08, 0x06, 0x00, 0x00, 0x00, 0x7d, 0xba, 0x7b, 0x7c, 0x00, 0x00, 0x4b,
  0x22, 0x49, 0x44, 0x41, 0x54, 0x78, 0xda, 0xed, 0xbd, 0x79, 0xbc, 0x5d,
  0x55, 0x79, 0x37, 0xfe, 0x7d, 0xd6, 0xda, 0xc3, 0x99, 0xee, 0x9c, 0x7b,
  0x33, 0x4f, 0x64, 0x00, 0x12, 0x86, 0x40, 0x02, 0x02, 0x8a, 0x49, 0x04,
  0x41, 0xa9, 0x73, 0x9b, 0xd8, 0xf6, 0x7d, 0x7f, 0x6f, 0xe7, 0xda, 0xb7,
  0xf3, 0xa0, 0x56, 0x7f, 0xb5, 0x4d, 0x22, 0x75, 0xaa, 0x5a, 0x27, 0xb4,
  0x6a, 0x6b, 0x6b, 0xb5, 0x56, 0x9b, 0x68, 0xa9, 0x28, 0x82, 0x4c, 0x49,
  0x04, 0x04, 0x24, 0x61, 0x26, 0x11, 0x10, 0x32, 0x27, 0x77, 0x9e, 0xce,
  0xb4, 0x87, 0xb5, 0xd6, 0xf3, 0xfe, 0xb1, 0xf6, 0xde, 0xe7, 0x9c, 0x9b,
  0x80, 0x20, 0x38, 0x72, 0xd6, 0xe7, 0x73, 0x3f, 0x1c, 0x4e, 0xee, 0x3d,
  0x67, 0xef, 0xb5, 0xd7, 0x7a, 0xd6, 0xf7, 0x79, 0x9e, 0xef, 0xf3, 0x7d,
  0x08, 0xed, 0xd1, 0x1e, 0xed, 0xd1, 0x1e, 0x00, 0xb6, 0x6f, 0x67, 0xb9,
  0x79, 0x33, 0x69, 0x00, 0xb8, 0x7f, 0xff, 0x81, 0x25, 0x3d, 0xbd, 0xbd,
  0x97, 0x1a, 0x15, 0x5f, 0xcc, 0x8c, 0xa5, 0x60, 0x94, 0xb4, 0x36, 0x1d,
  0x20, 0xce, 0x05, 0x41, 0xe4, 0x19, 0x6d, 0xbc, 0x30, 0x8e, 0x7d, 0xad,
  0x8d, 0x52, 0x71, 0x6d, 0xfd, 0xcb, 0x5f, 0xb2, 0xe6, 0xf1, 0x2d, 0x5b,
  0x58, 0x6c, 0xdb, 0x46, 0xa6, 0xf9, 0x33, 0x9d, 0xf6, 0xb4, 0xb6, 0x47,
  0x7b, 0xb4, 0x07, 0x33, 0x4b, 0x22, 0xd2, 0xb7, 0x7f, 0xef, 0xb1, 0xd3,
  0x96, 0x2c, 0x9a, 0xfd, 0x37, 0x9e, 0x2b, 0xde, 0x40, 0xe4, 0xf4, 0xc6,
  0x42, 0x22, 0x08, 0x23, 0x44, 0x51, 0x04, 0x63, 0x34, 0xea, 0x41, 0x00,
  0x63, 0x0c, 0x0c, 0x1b, 0xe3, 0xb9, 0x39, 0x11, 0x85, 0xd5, 0xef, 0xdd,
  0xfa, 0xad, 0x6b, 0x7f, 0xc0, 0xcc, 0x44, 0xd4, 0x6a, 0x5c, 0xda, 0x06,
  0xa6, 0x3d, 0xda, 0xa3, 0x3d, 0xb0, 0x73, 0xe7, 0x4e, 0x87, 0x88, 0xd4,
  0xed, 0xf7, 0xfd, 0xe0, 0xd5, 0x2b, 0x16, 0xcf, 0xfd, 0x8f, 0xae, 0xce,
  0x42, 0xef, 0xd1, 0xe3, 0xc3, 0x28, 0x57, 0xeb, 0x4a, 0x69, 0xc3, 0x6c,
  0x0c, 0x31, 0x33, 0xe2, 0x38, 0x22, 0x62, 0xc0, 0x71, 0x24, 0x94, 0xd6,
  0xca, 0xf7, 0xe1, 0x33, 0x99, 0xff, 0xd8, 0xb6, 0x6d, 0x9b, 0xd9, 0xb0,
  0x61, 0x83, 0x03, 0x40, 0xcd, 0xfc, 0x6c, 0xd1, 0x9e, 0xde, 0xf6, 0x68,
  0x8f, 0x17, 0xb7, 0x71, 0xd9, 0xb8, 0x71, 0xa3, 0x7a, 0xeb, 0x7b, 0xae,
  0xf9, 0xbd, 0x9c, 0x27, 0xbe, 0x59, 0xc8, 0x7b, 0xbd, 0x47, 0x8e, 0x0f,
  0x47, 0x61, 0xac, 0xb4, 0x14, 0x42, 0x48, 0x41, 0x52, 0x10, 0x09, 0x22,
  0x12, 0x41, 0x3d, 0x20, 0x10, 0x91, 0x61, 0x86, 0x23, 0x85, 0x17, 0x04,
  0xc1, 0x98, 0xab, 0xf2, 0xdb, 0x01, 0x60, 0xc3, 0x86, 0x0d, 0xfa, 0x54,
  0x9f, 0xdf, 0x36, 0x30, 0xed, 0xd1, 0x1e, 0x2f, 0xd2, 0xf1, 0x99, 0xcf,
  0x7c, 0xc6, 0xdd, 0xb8, 0x71, 0xa3, 0xfa, 0xeb, 0xf7, 0xfd, 0xf3, 0xff,
  0x7e, 0xed, 0x15, 0x97, 0x7d, 0x76, 0xf9, 0x92, 0xf9, 0x3c, 0x34, 0x32,
  0xa1, 0xc2, 0x28, 0x76, 0x8c, 0x36, 0xa4, 0xb4, 0x86, 0x31, 0x06, 0x0c,
  0x46, 0x18, 0x04, 0x90, 0x52, 0x42, 0x4a, 0x01, 0x80, 0x55, 0xa1, 0x58,
  0x24, 0x80, 0x6e, 0xba, 0xf8, 0xe2, 0x65, 0x43, 0xdb, 0xb7, 0x6f, 0x97,
  0x44, 0xc4, 0xa7, 0xfa, 0x8e, 0xb6, 0x8b, 0xd4, 0x1e, 0xed, 0xf1, 0xe2,
  0x45, 0x2e, 0xf1, 0x9f, 0x6c, 0xb9, 0xe6, 0x57, 0x2e, 0x5f, 0x7f, 0xf1,
  0xe7, 0xcf, 0x3f, 0x6b, 0xa5, 0x1a, 0x19, 0x9f, 0x44, 0x10, 0x46, 0x82,
  0x99, 0x61, 0xb4, 0x06, 0x98, 0xc1, 0x86, 0x61, 0x8c, 0x81, 0x52, 0x0a,
  0xbe, 0xef, 0x81, 0x59, 0x33, 0x88, 0x84, 0x52, 0x0a, 0x82, 0xe8, 0xdf,
  0x01, 0xa6, 0x4d, 0x9b, 0x9e, 0xfe, 0x7b, 0xda, 0x08, 0xa6, 0x3d, 0xda,
  0xe3, 0x45, 0x36, 0xb6, 0x24, 0x6e, 0xd1, 0x1f, 0xfd, 0xf5, 0x3f, 0xbc,
  0xf1, 0xd5, 0xaf, 0x78, 0xd9, 0x7f, 0xbe, 0x74, 0xed, 0x6a, 0x8c, 0x4d,
  0x4c, 0x51, 0xa5, 0x5a, 0x17, 0x00, 0x60, 0x8c, 0x01, 0x98, 0x99, 0xc0,
  0x2c, 0x24, 0x71, 0x18, 0x45, 0x09, 0x72, 0x01, 0x18, 0x64, 0x5c, 0xc7,
  0x75, 0xc3, 0x30, 0x7a, 0x72, 0xec, 0x38, 0xef, 0x02, 0x88, 0x89, 0x60,
  0xda, 0x06, 0xa6, 0x3d, 0xda, 0xa3, 0x3d, 0xb0, 0x65, 0xe7, 0x4e, 0x67,
  0xdb, 0xc6, 0x8d, 0xea, 0x77, 0xff, 0xf2, 0xfd, 0x57, 0x5e, 0x71, 0xc5,
  0xc6, 0xaf, 0xbc, 0xfc, 0x25, 0x67, 0xcb, 0x89, 0xa9, 0x69, 0x2e, 0x57,
  0x6a, 0x44, 0x00, 0xb4, 0xd1, 0x30, 0xda, 0xc0, 0xb0, 0x01, 0x03, 0x50,
  0x4a, 0x93, 0xd6, 0x1a, 0xae, 0xe3, 0x82, 0x19, 0x10, 0x80, 0xc9, 0x17,
  0x0a, 0x20, 0x21, 0xbf, 0x7a, 0xd5, 0x55, 0x2b, 0xc3, 0x9d, 0x3b, 0x77,
  0x3a, 0xc0, 0xa9, 0xdd, 0xa3, 0xb6, 0x8b, 0xd4, 0x1e, 0xed, 0xf1, 0x62,
  0x32, 0x2e, 0x5b, 0xb6, 0x38, 0xdb, 0x36, 0x6e, 0x54, 0xbf, 0xf3, 0x97,
  0xef, 0x79, 0xe5, 0xab, 0xae, 0xdc, 0x70, 0xed, 0x65, 0x2f, 0x3d, 0xcf,
  0xa9, 0x56, 0x6b, 0x66, 0x62, 0xaa, 0x22, 0x88, 0x08, 0x5a, 0xab, 0xc4,
  0xb8, 0x68, 0x00, 0x0c, 0x66, 0xa2, 0x7a, 0x3d, 0x80, 0x23, 0x05, 0x18,
  0x80, 0x10, 0x60, 0x12, 0xe4, 0xd4, 0x6a, 0x41, 0x04, 0xc3, 0x5f, 0x00,
  0x80, 0x0d, 0x1b, 0x36, 0x98, 0x67, 0xfa, 0xce, 0x36, 0x82, 0x69, 0x8f,
  0xf6, 0x78, 0xb1, 0x18, 0x97, 0x6d, 0xdb, 0xd4, 0xef, 0xbd, 0xed, 0x03,
  0xeb, 0xaf, 0x7c, 0xe5, 0x2b, 0xae, 0xbd, 0xf2, 0xd2, 0xb5, 0xb9, 0x7a,
  0x2d, 0x30, 0x23, 0xe3, 0xd3, 0x82, 0x08, 0xd0, 0xda, 0x22, 0x17, 0x36,
  0xc6, 0x7a, 0x42, 0x20, 0x84, 0x51, 0x04, 0xad, 0x62, 0xa4, 0xc6, 0x87,
  0xd9, 0x18, 0x3f, 0x97, 0x97, 0xda, 0xe8, 0x3b, 0x2f, 0x3a, 0x7f, 0xe5,
  0xbe, 0x2d, 0x5b, 0xb6, 0x88, 0x53, 0x71, 0x5f, 0xda, 0x06, 0xa6, 0x3d,
  0xda, 0xe3, 0x45, 0x65, 0x5c, 0x76, 0x3a, 0xdb, 0xb6, 0x6d, 0x53, 0xbf,
  0xf6, 0xc7, 0x5b, 0x2e, 0xdc, 0xf0, 0xf2, 0x4b, 0xae, 0x7b, 0xe5, 0xa5,
  0x6b, 0x8b, 0x51, 0x1c, 0xeb, 0xc1, 0xd1, 0x29, 0xc1, 0x00, 0xb4, 0x36,
  0x30, 0x5a, 0x83, 0x99, 0x99, 0x88, 0xd9, 0x06, 0x79, 0x99, 0xc2, 0x30,
  0x84, 0x94, 0x0e, 0x8c, 0x61, 0x00, 0x04, 0x66, 0x62, 0x29, 0x25, 0x08,
  0xf2, 0x3f, 0x12, 0xf4, 0xf2, 0x43, 0xed, 0x07, 0xb5, 0xa7, 0xbf, 0x3d,
  0xda, 0x03, 0xbf, 0xc0, 0xf4, 0xff, 0xed, 0x72, 0xf3, 0xe6, 0xcd, 0xfa,
  0xff, 0xfb, 0xb3, 0x77, 0x9f, 0xf9, 0xaa, 0xcb, 0x5f, 0xb1, 0xfb, 0xaa,
  0x0d, 0x17, 0xf4, 0x4b, 0xe2, 0xf8, 0xf0, 0x89, 0x31, 0xc9, 0xcc, 0x60,
  0x66, 0xb0, 0x31, 0xac, 0x94, 0x22, 0x24, 0xc6, 0x85, 0x19, 0x08, 0x82,
  0x88, 0x94, 0x8a, 0xe1, 0x38, 0x2e, 0x98, 0x19, 0x42, 0x10, 0x3b, 0x8e,
  0x10, 0x44, 0x62, 0x52, 0x41, 0x9e, 0xf1, 0xd2, 0x35, 0xcb, 0x87, 0x13,
  0xf6, 0x2e, 0xb7, 0x11, 0x4c, 0x7b, 0xb4, 0xc7, 0x8b, 0x70, 0x6c, 0x4a,
  0x8c, 0xcb, 0x2f, 0xfd, 0xe6, 0xdb, 0x56, 0xbc, 0x72, 0xe3, 0xcb, 0x6f,
  0x7c, 0xd5, 0xfa, 0x0b, 0xfa, 0x5d, 0x87, 0xe2, 0x63, 0xc3, 0x93, 0xd2,
  0x30, 0x83, 0xc1, 0x60, 0x6d, 0xd8, 0x68, 0x6d, 0x01, 0x4a, 0x62, 0x70,
  0x8c, 0x31, 0x08, 0xc2, 0x00, 0xbe, 0xef, 0xb1, 0x10, 0xcc, 0x52, 0x12,
  0x13, 0x84, 0x2e, 0x14, 0x3b, 0x88, 0x84, 0xf8, 0xfa, 0x4b, 0xd7, 0x2c,
  0x1f, 0x7e, 0x26, 0xee, 0x4b, 0xdb, 0xc0, 0xb4, 0x47, 0x7b, 0xfc, 0xa2,
  0x1b, 0x97, 0x4d, 0xdb, 0xe5, 0x8e, 0xcd, 0x9b, 0xf5, 0x2b, 0x36, 0xbd,
  0x65, 0xfe, 0x1b, 0x7f, 0xe9, 0x8a, 0x1b, 0x5e, 0xbd, 0xf1, 0xa2, 0x45,
  0xbe, 0x4b, 0xd1, 0xd1, 0xc1, 0x09, 0xa1, 0x94, 0x02, 0x01, 0xd0, 0x4a,
  0xdb, 0xac, 0x11, 0x0c, 0x52, 0xe4, 0x42, 0x42, 0x20, 0x0c, 0x43, 0x78,
  0xae, 0x63, 0xdf, 0x48, 0x4d, 0x88, 0x60, 0x32, 0xda, 0xc0, 0x68, 0xfe,
  0xb2, 0xfd, 0xfc, 0x4d, 0xcf, 0xea, 0x3a, 0xda, 0x06, 0xa6, 0x3d, 0xda,
  0xe3, 0x17, 0xce, 0xb8, 0x6c, 0x92, 0x5f, 0xfd, 0xea, 0x9b, 0xf5, 0x2b,
  0x5e, 0xfb, 0x3b, 0xb3, 0xdf, 0xf0, 0xda, 0xd7, 0xde, 0xf0, 0xaa, 0x0d,
  0x17, 0x2f, 0xeb, 0x2a, 0xfa, 0xe1, 0xe0, 0xc8, 0x94, 0x8c, 0xa2, 0x88,
  0x40, 0x04, 0xad, 0x35, 0xb4, 0x49, 0xd2, 0xd1, 0xcc, 0x60, 0xfb, 0x5f,
  0x8a, 0x22, 0x45, 0xb1, 0x52, 0x70, 0x1c, 0x07, 0xda, 0xb0, 0x0d, 0xa2,
  0x10, 0x8c, 0xef, 0x79, 0x6e, 0x50, 0xaf, 0x3f, 0x32, 0x7e, 0x02, 0xbb,
  0x9f, 0xae, 0xb0, 0xb1, 0x6d, 0x60, 0xda, 0xa3, 0x3d, 0xf0, 0x0b, 0x9f,
  0x2d, 0x12, 0x5f, 0xfd, 0xea, 0x57, 0x75, 0xcf, 0xb2, 0x0b, 0x3a, 0x5f,
  0xfb, 0xc6, 0xd7, 0x7d, 0xf3, 0x75, 0x57, 0xac, 0x3f, 0xbb, 0xbf, 0x3b,
  0x1f, 0x1d, 0x1d, 0x1c, 0x77, 0x83, 0x28, 0x82, 0x10, 0x02, 0x5a, 0xa9,
  0x94, 0x4c, 0x67, 0xd9, 0xba, 0xc9, 0x0f, 0x00, 0xd4, 0xaa, 0x35, 0x48,
  0x21, 0x89, 0xb9, 0x11, 0xa6, 0x25, 0xc0, 0xe4, 0xf2, 0x79, 0x10, 0xe1,
  0xbf, 0xae, 0xba, 0x6a, 0x65, 0xb8, 0x6b, 0xd7, 0x2e, 0x89, 0x06, 0xb6,
  0x69, 0x1b, 0x98, 0xf6, 0x68, 0x8f, 0x17, 0x8b, 0x71, 0x79, 0xf7, 0xbb,
  0xdf, 0x6d, 0x7a, 0x96, 0x5d, 0xd0, 0xf9, 0xd6, 0xbf, 0xfa, 0xab, 0xff,
  0xb9, 0xea, 0xf2, 0x4b, 0xd7, 0x2d, 0xe8, 0x2f, 0x45, 0xc7, 0x47, 0xa6,
  0x9c, 0x6a, 0xad, 0x0e, 0x41, 0x94, 0xa0, 0x16, 0x4e, 0x32, 0x43, 0x60,
  0xcb, 0x77, 0x61, 0x10, 0x08, 0x61, 0x18, 0xc1, 0xb0, 0x81, 0x23, 0x1d,
  0xb0, 0x61, 0x10, 0x01, 0x44, 0xc4, 0x20, 0x72, 0xeb, 0xf5, 0x7a, 0x9d,
  0x84, 0xbb, 0x03, 0xf8, 0xe1, 0xdc, 0x97, 0xb6, 0x81, 0x69, 0x8f, 0xf6,
  0xf8, 0x05, 0x34, 0x2e, 0x5b, 0xb7, 0x6e, 0x65, 0x66, 0xf6, 0xff, 0xf2,
  0xcf, 0xff, 0xfc, 0x7f, 0xde, 0x70, 0xd5, 0xe5, 0x1b, 0x97, 0xcd, 0xef,
  0x89, 0x4e, 0x8c, 0x4e, 0x3b, 0xe5, 0x4a, 0xcd, 0x72, 0x59, 0x62, 0x05,
  0x68, 0xc3, 0xc4, 0xcc, 0x44, 0x86, 0x01, 0xcb, 0xd6, 0x05, 0x03, 0x86,
  0x19, 0xf5, 0x20, 0x80, 0xe7, 0xba, 0xd0, 0xc6, 0xba, 0x4b, 0xc9, 0x47,
  0x9b, 0x42, 0xbe, 0x20, 0xb4, 0x32, 0xdf, 0xb9, 0xf0, 0xdc, 0xd3, 0x1e,
  0x63, 0x66, 0xf1, 0x6c, 0xdd, 0x23, 0xa0, 0xcd, 0xe4, 0x6d, 0x8f, 0xf6,
  0xc0, 0x2f, 0x80, 0x5a, 0x14, 0x6d, 0x05, 0x40, 0x44, 0xb4, 0xf5, 0xa3,
  0xff, 0xfe, 0x1f, 0x6f, 0xf8, 0xa5, 0x2b, 0x36, 0xae, 0x5c, 0xd4, 0x1b,
  0x0e, 0x8f, 0x55, 0xdc, 0xc9, 0xe9, 0x0a, 0x04, 0x91, 0xcd, 0x16, 0x19,
  0x03, 0x63, 0x18, 0x9c, 0x94, 0x0e, 0xb1, 0x15, 0x9a, 0x02, 0x08, 0xa8,
  0xd7, 0x02, 0x92, 0x42, 0x40, 0x08, 0x09, 0x66, 0x03, 0x22, 0x01, 0x66,
  0x10, 0x33, 0x83, 0x48, 0x00, 0x44, 0x5f, 0x02, 0x40, 0xbb, 0x76, 0xed,
  0x12, 0x00, 0x9e, 0xb5, 0x81, 0x69, 0xf3, 0x60, 0xda, 0xa3, 0x3d, 0x7e,
  0xbe, 0x07, 0xa5, 0x41, 0xd7, 0x6d, 0x1f, 0xfb, 0xc2, 0x97, 0xae, 0xba,
  0xf2, 0xb2, 0x5f, 0x3f, 0x77, 0xd9, 0xbc, 0x68, 0xa2, 0x5c, 0x73, 0x86,
  0x46, 0x27, 0x21, 0x04, 0xac, 0x51, 0xd1, 0x9a, 0x39, 0x09, 0xea, 0x1a,
  0xd8, 0xd8, 0x8b, 0x75, 0x93, 0x18, 0xda, 0x18, 0x54, 0x2a, 0x75, 0xe4,
  0x7c, 0x8f, 0x8c, 0x36, 0x00, 0x11, 0x48, 0x10, 0x08, 0xc4, 0xae, 0x2b,
  0x05, 0x83, 0x06, 0x29, 0xa4, 0x33, 0x2e, 0xba, 0x68, 0xe5, 0xf4, 0xb3,
  0xe1, 0xbe, 0xfc, 0x3c, 0xbb, 0x48, 0x6d, 0x83, 0xd8, 0x1e, 0xed, 0xd1,
  0xb4, 0x1f, 0x76, 0xee, 0xdc, 0x29, 0x89, 0xc8, 0xbc, 0xe3, 0x03, 0xff,
  0xf2, 0xa9, 0x2b, 0x2f, 0xdf, 0xf8, 0xeb, 0x67, 0x2f, 0x9d, 0x1d, 0x4e,
  0x57, 0xeb, 0xce, 0xc8, 0xd8, 0x14, 0x04, 0x01, 0x46, 0x33, 0x8c, 0x52,
  0x60, 0x93, 0x70, 0x5c, 0xc0, 0xd9, 0x6b, 0x66, 0x0b, 0x44, 0x6a, 0xb5,
  0x3a, 0x1c, 0x29, 0xac, 0xad, 0x4a, 0xb0, 0x8d, 0x20, 0x30, 0x00, 0x5d,
  0x28, 0x16, 0x09, 0x44, 0xd7, 0x5d, 0x74, 0xd1, 0xca, 0xe9, 0xed, 0x56,
  0x56, 0x93, 0x9f, 0xcb, 0x05, 0xfe, 0xbc, 0x19, 0x18, 0x6e, 0xaf, 0xa9,
  0xf6, 0x68, 0x0f, 0xa4, 0x9a, 0x2e, 0x72, 0xe3, 0xc6, 0x8d, 0xea, 0xed,
  0xef, 0xff, 0xe7, 0xf7, 0xbc, 0xfa, 0x8a, 0xcb, 0xfe, 0xef, 0x39, 0xcb,
  0xe6, 0x44, 0xf5, 0x28, 0x76, 0x4f, 0x8c, 0x4c, 0x22, 0x31, 0x25, 0x49,
  0x55, 0xb4, 0x35, 0x26, 0x29, 0x72, 0x01, 0x33, 0x4c, 0x62, 0x4a, 0xa2,
  0x30, 0x86, 0x56, 0x1a, 0xae, 0x6b, 0x19, 0xbb, 0x44, 0x84, 0x34, 0x37,
  0x2d, 0x25, 0x89, 0x7a, 0x3d, 0x8c, 0x85, 0x10, 0xff, 0x02, 0x00, 0xd8,
  0xb1, 0xe3, 0x39, 0x5f, 0x63, 0x3b, 0x06, 0xd3, 0x1e, 0xed, 0xf1, 0x73,
  0x38, 0x7e, 0xdf, 0xaa, 0xd1, 0xc5, 0x7f, 0xba, 0xe5, 0xa3, 0x6f, 0xdf,
  0x70, 0xe9, 0x25, 0xff, 0xff, 0xba, 0x33, 0x17, 0x46, 0xb1, 0xd2, 0x72,
  0x70, 0x64, 0x8a, 0xc9, 0x9a, 0x12, 0xd2, 0x5a, 0x27, 0x82, 0x51, 0x0c,
  0x42, 0x23, 0x25, 0x6d, 0xd8, 0x1a, 0x1e, 0x02, 0xa1, 0x56, 0xaf, 0xc3,
  0xf3, 0xfc, 0x24, 0x93, 0x04, 0xc0, 0x22, 0x14, 0x02, 0xc1, 0xf8, 0xb9,
  0x9c, 0x1b, 0x86, 0xf1, 0xdd, 0x97, 0x9c, 0x7f, 0xfa, 0x9e, 0xc4, 0x35,
  0xd2, 0x6d, 0x03, 0xd3, 0x1e, 0xed, 0xf1, 0x22, 0x30, 0x2e, 0x9f, 0x7d,
  0xcb, 0x5b, 0xe2, 0x3f, 0x79, 0xd7, 0x3f, 0xfe, 0xee, 0x86, 0x97, 0x5f,
  0xfa, 0x81, 0x97, 0x9e, 0xbb, 0x3c, 0x36, 0xc6, 0xc8, 0xe3, 0x43, 0x13,
  0xd0, 0x3a, 0x06, 0x13, 0x91, 0x56, 0x3a, 0x55, 0xff, 0xb7, 0xa8, 0x85,
  0x6c, 0xa6, 0x88, 0x39, 0x75, 0x81, 0x08, 0x41, 0x10, 0x81, 0x48, 0x40,
  0x08, 0x41, 0xc6, 0x58, 0x83, 0x03, 0x1b, 0x7b, 0x81, 0x00, 0x8c, 0xef,
  0xfb, 0x50, 0x1a, 0x5f, 0x06, 0x80, 0x84, 0xfb, 0xa2, 0x9e, 0xeb, 0xb5,
  0xb6, 0xd3, 0xd4, 0xed, 0xd1, 0x1e, 0x3f, 0x3c, 0xee, 0x47, 0x3f, 0x4b,
  0x95, 0xd1, 0x9f, 0x7d, 0xcb, 0x5b, 0xe2, 0xdf, 0x7c, 0xdb, 0xfb, 0x36,
  0xad, 0xbb, 0x60, 0xed, 0x67, 0xd7, 0xaf, 0x5b, 0x15, 0x3b, 0x8e, 0xa0,
  0xe3, 0x43, 0x13, 0x14, 0xc7, 0x11, 0x20, 0x84, 0xa5, 0xf4, 0x27, 0x35,
  0x45, 0x09, 0x9f, 0x25, 0xab, 0x33, 0xe2, 0xb4, 0x06, 0x89, 0x19, 0x41,
  0x10, 0x90, 0xeb, 0xb8, 0x64, 0x8c, 0x01, 0x40, 0x60, 0x4a, 0x8c, 0x8b,
  0x00, 0x93, 0x10, 0x6e, 0xa5, 0x52, 0xad, 0x30, 0xab, 0xff, 0xb6, 0x06,
  0xe6, 0xd9, 0x73, 0x5f, 0xda, 0x08, 0xa6, 0x3d, 0xda, 0xe3, 0x87, 0x18,
  0x95, 0xed, 0xdb, 0xb7, 0x0b, 0x00, 0x78, 0xf3, 0x9b, 0xdf, 0xac, 0x99,
  0xf9, 0x67, 0xaa, 0x03, 0xc0, 0x1f, 0xbd, 0xeb, 0x43, 0xaf, 0x5b, 0xb3,
  0xe6, 0xfc, 0x2f, 0xbe, 0xf2, 0xa5, 0x6b, 0x75, 0xce, 0x77, 0xe8, 0xd8,
  0xe0, 0x04, 0x85, 0x41, 0x9d, 0x85, 0x74, 0x88, 0x8d, 0x61, 0x36, 0x06,
  0x69, 0xab, 0x11, 0x58, 0xdb, 0x62, 0x33, 0x49, 0x6c, 0x92, 0x28, 0xa6,
  0x40, 0xb5, 0x56, 0x23, 0x21, 0x24, 0xa4, 0x14, 0xd6, 0xf8, 0xc0, 0x86,
  0x5f, 0x84, 0x00, 0x0b, 0x41, 0xaa, 0x58, 0x2c, 0xf9, 0xd5, 0x7a, 0x70,
  0xc3, 0xc5, 0xe7, 0xae, 0x38, 0x6a, 0x2b, 0xb2, 0x9f, 0xbb, 0x7b, 0xd4,
  0xce, 0xca, 0xb4, 0x47, 0x7b, 0x9c, 0x84, 0x10, 0x4e, 0xee, 0x4e, 0xf8,
  0x3b, 0x7f, 0xb1, 0xa5, 0x77, 0x41, 0x27, 0x26, 0xb7, 0x6d, 0xdb, 0x66,
  0x7e, 0xda, 0x52, 0x97, 0xaf, 0xff, 0xdd, 0x77, 0x5e, 0xfa, 0xda, 0x57,
  0x5d, 0x7e, 0xe3, 0x95, 0x2f, 0x5f, 0x97, 0x9b, 0xdd, 0xdb, 0xa9, 0x0f,
  0x9f, 0x18, 0x13, 0xd5, 0x72, 0x05, 0x24, 0x05, 0x01, 0x04, 0xa3, 0x35,
  0xdb, 0x4e, 0x00, 0x26, 0xeb, 0x08, 0x90, 0xb2, 0xe9, 0x92, 0xf8, 0x2e,
  0x94, 0x32, 0x54, 0xad, 0x56, 0x91, 0xf3, 0x7d, 0x80, 0x88, 0x89, 0x08,
  0x64, 0xbd, 0x23, 0x90, 0x20, 0x80, 0xc8, 0x14, 0x0a, 0x1d, 0x6e, 0x1c,
  0xa9, 0x5f, 0xba, 0xe0, 0x9c, 0xa5, 0xdf, 0x4a, 0x9b, 0xb2, 0xb5, 0x11,
  0x4c, 0x7b, 0xb4, 0x07, 0x9e, 0xaf, 0x76, 0x0a, 0x69, 0xac, 0x5d, 0xeb,
  0x6e, 0xf9, 0xdf, 0x7f, 0xf6, 0x6b, 0x7d, 0xbd, 0x5d, 0xaf, 0x9e, 0xd3,
  0xd7, 0x73, 0x81, 0x56, 0xc1, 0xbf, 0x7d, 0xff, 0xfe, 0x3b, 0xdf, 0xf7,
  0x5c, 0x59, 0xac, 0x78, 0x61, 0xbb, 0x2e, 0xaa, 0xaf, 0xee, 0xdc, 0x73,
  0x46, 0xc9, 0xf3, 0xbf, 0xb6, 0x6c, 0xd1, 0xbc, 0xc2, 0xec, 0x9e, 0xce,
  0xe8, 0xd8, 0xf0, 0x84, 0xac, 0xd7, 0x6a, 0x90, 0x8e, 0x24, 0x03, 0x82,
  0x51, 0x8a, 0x39, 0x41, 0x2a, 0x69, 0x11, 0x63, 0x52, 0x0c, 0x90, 0xd8,
  0x18, 0x4b, 0x9a, 0x0b, 0xc2, 0x10, 0x8e, 0x23, 0x2d, 0xc2, 0x20, 0x8b,
  0x32, 0x98, 0x99, 0x40, 0x82, 0x41, 0x64, 0x7c, 0xcf, 0x77, 0x83, 0x20,
  0x78, 0xac, 0xde, 0xe5, 0xdc, 0x66, 0x83, 0xbb, 0xf8, 0x91, 0xef, 0xb9,
  0x6d, 0x60, 0xda, 0xa3, 0x8d, 0x5a, 0xb6, 0x6c, 0x11, 0x00, 0xb0, 0x79,
  0xf3, 0x66, 0xfd, 0x97, 0x57, 0x7f, 0xe6, 0x92, 0x65, 0xa7, 0x2d, 0xf8,
  0xc4, 0xca, 0x65, 0x8b, 0xcf, 0x5f, 0xba, 0x78, 0x31, 0x82, 0x4a, 0xf9,
  0xe6, 0xd5, 0xcb, 0xe7, 0x7e, 0x18, 0xaf, 0x7f, 0xe5, 0x4f, 0xc5, 0x4f,
  0x4a, 0xb8, 0x27, 0xfa, 0x53, 0x5f, 0xbc, 0xe1, 0xf4, 0xd3, 0xe6, 0xce,
  0xb9, 0x79, 0xc9, 0xfc, 0x81, 0xfe, 0x82, 0x2f, 0xe2, 0xe3, 0xa3, 0x93,
  0xb2, 0x5c, 0xae, 0xc0, 0xb2, 0xde, 0xc8, 0x2a, 0xd2, 0x19, 0x86, 0x66,
  0x43, 0xa9, 0x5f, 0xc4, 0x19, 0x72, 0xe1, 0xac, 0x6c, 0x51, 0x29, 0x05,
  0xa5, 0x62, 0xe4, 0xfd, 0x9c, 0x35, 0x3b, 0x06, 0x04, 0x41, 0x36, 0x50,
  0x03, 0x26, 0x01, 0x18, 0xd7, 0xf3, 0x51, 0x0b, 0x2a, 0x5f, 0xda, 0xb8,
  0x74, 0x45, 0xb0, 0x67, 0xcf, 0x1e, 0x17, 0x58, 0x17, 0xb7, 0x0d, 0x4c,
  0x7b, 0xb4, 0x07, 0x7e, 0x34, 0x51, 0xa6, 0x6d, 0x9b, 0x37, 0x6b, 0x00,
  0xf8, 0xbb, 0x4f, 0xfc, 0xc7, 0x3b, 0x4f, 0x5f, 0xbc, 0x60, 0xdb, 0xe9,
  0xcb, 0x16, 0xbb, 0xb9, 0x5c, 0xde, 0xd4, 0x2b, 0x95, 0xfb, 0xf6, 0x1f,
  0x7d, 0xec, 0x4d, 0x67, 0xad, 0x98, 0x17, 0x3c, 0x57, 0x06, 0xeb, 0x0b,
  0x84, 0x5c, 0x04, 0x11, 0xe9, 0x6f, 0xee, 0x7c, 0x64, 0xce, 0xec, 0xfe,
  0x8e, 0xeb, 0xe6, 0x0e, 0xf4, 0x2d, 0x70, 0x25, 0xa2, 0xd1, 0xc9, 0x8a,
  0xac, 0x54, 0xaa, 0x90, 0x52, 0x90, 0x31, 0x0c, 0xa5, 0x35, 0x60, 0x0c,
  0xdb, 0x12, 0x00, 0x4e, 0x63, 0x2a, 0x2d, 0xb4, 0x31, 0xab, 0xf5, 0x42,
  0xa8, 0xd7, 0xeb, 0xf0, 0x5c, 0x17, 0x42, 0x88, 0xd4, 0xea, 0x80, 0x28,
  0xf9, 0x77, 0x22, 0x66, 0x86, 0x5b, 0xad, 0x56, 0x6a, 0x04, 0xf1, 0x9f,
  0x00, 0xb0, 0x76, 0xed, 0xda, 0xe7, 0x85, 0xd8, 0xda, 0x06, 0xa6, 0x3d,
  0x5e, 0xdc, 0x42, 0xd8, 0x9b, 0x37, 0xab, 0xf7, 0x7c, 0x6e, 0x7b, 0xbf,
  0x54, 0xf8, 0xdc, 0x9a, 0xb3, 0x57, 0xbd, 0x76, 0x4e, 0x6f, 0x67, 0xac,
  0x19, 0x31, 0x09, 0x39, 0xed, 0x48, 0xb5, 0x79, 0xf3, 0xc6, 0x8d, 0x95,
  0x44, 0xbd, 0x4d, 0xff, 0x14, 0x8c, 0x8b, 0xb9, 0xf9, 0x9e, 0x7d, 0x7d,
  0xb3, 0xfb, 0x7a, 0xaf, 0xef, 0xef, 0xe9, 0x5a, 0xd9, 0x99, 0x77, 0xa2,
  0xe9, 0x5a, 0x20, 0x27, 0xa7, 0xab, 0x56, 0x76, 0x41, 0x1b, 0x5b, 0x98,
  0x68, 0x4c, 0xa2, 0xe7, 0x92, 0xd4, 0x1a, 0xd9, 0xe0, 0x2e, 0xc0, 0x0c,
  0x6d, 0x98, 0xc0, 0x96, 0xfa, 0x5f, 0x0f, 0x42, 0x00, 0x04, 0xd7, 0xf5,
  0xd8, 0x92, 0xea, 0x90, 0xfd, 0x30, 0x13, 0x08, 0xa4, 0xf3, 0x85, 0x82,
  0x57, 0xab, 0x05, 0xbb, 0x5e, 0xb6, 0x6e, 0xe5, 0x93, 0xdb, 0xb7, 0x6f,
  0x97, 0x00, 0xda, 0x06, 0xa6, 0x3d, 0xda, 0xe3, 0x47, 0xd4, 0xaa, 0x55,
  0xef, 0xf8, 0xd0, 0xe7, 0xd7, 0x52, 0xa4, 0xbe, 0x74, 0xc9, 0x05, 0xe7,
  0x9f, 0xde, 0xd5, 0x51, 0x0c, 0xaa, 0xf5, 0x50, 0xf4, 0xf5, 0xf6, 0x7a,
  0x4a, 0x47, 0xbf, 0x7b, 0xc6, 0x92, 0xb9, 0x07, 0xd2, 0xcc, 0xcd, 0x4f,
  0x3a, 0xd0, 0x4c, 0x44, 0xe6, 0x33, 0xd7, 0xed, 0x29, 0xf4, 0xf7, 0xf4,
  0x5c, 0xdb, 0xd7, 0xd3, 0x75, 0x7e, 0x31, 0x27, 0xa2, 0x6a, 0x3d, 0x72,
  0x26, 0x26, 0xcb, 0x2c, 0xa5, 0xb0, 0xed, 0x45, 0xb4, 0x6e, 0x44, 0x6e,
  0x93, 0x20, 0x2e, 0x9a, 0x52, 0xd1, 0xb0, 0xe4, 0x39, 0x66, 0x5b, 0xaf,
  0x84, 0x30, 0x08, 0x91, 0xcb, 0xe5, 0x32, 0x52, 0x5d, 0xfa, 0x63, 0x0c,
  0xc8, 0x06, 0x7a, 0xc9, 0x16, 0x3b, 0xc2, 0x72, 0x5f, 0xfa, 0xfb, 0xfb,
  0x9f, 0x37, 0x6a, 0x73, 0x5e, 0x64, 0x7c, 0x86, 0x67, 0x5b, 0x6e, 0x40,
  0x3f, 0x87, 0xa5, 0x09, 0xd4, 0x2e, 0xa5, 0x78, 0x56, 0xc8, 0x80, 0x36,
  0x6f, 0xde, 0x21, 0x36, 0x6f, 0xde, 0xac, 0xff, 0xe2, 0xfd, 0x9f, 0xf9,
  0xf5, 0x59, 0x5d, 0xc5, 0x7f, 0xba, 0x64, 0xdd, 0xb9, 0x9d, 0xbe, 0xef,
  0x85, 0x95, 0x6a, 0x95, 0xe6, 0xcc, 0x9d, 0xe7, 0xc5, 0x71, 0xb4, 0x75,
  0xf5, 0xd2, 0x39, 0xff, 0xb3, 0x87, 0xd9, 0x5d, 0x0b, 0xa8, 0x9f, 0xa4,
  0x7b, 0xc4, 0xcc, 0x02, 0x00, 0xaf, 0xbe, 0xf2, 0xbb, 0xf9, 0xd3, 0xfb,
  0x17, 0x5c, 0xdb, 0xd7, 0xdb, 0x75, 0x69, 0xc9, 0xa7, 0x28, 0x88, 0xb5,
  0x33, 0x3a, 0x31, 0xc5, 0x42, 0x08, 0xcb, 0xc6, 0x55, 0x2a, 0x41, 0x2e,
  0x9c, 0xc5, 0x59, 0x38, 0x29, 0x0b, 0xb0, 0xf6, 0xc4, 0x90, 0x35, 0x36,
  0x20, 0x91, 0xa0, 0x17, 0xc7, 0x91, 0x2c, 0xa4, 0xb0, 0xb5, 0x48, 0x69,
  0x60, 0x97, 0x01, 0x41, 0x02, 0x42, 0x90, 0x91, 0x8e, 0x74, 0x6b, 0xb5,
  0xda, 0xe0, 0x64, 0x2d, 0xba, 0x1e, 0x78, 0xfa, 0x86, 0xf6, 0x6d, 0x03,
  0x73, 0xd2, 0xc6, 0xb3, 0x93, 0xfe, 0x8b, 0xbe, 0x77, 0xda, 0x06, 0xec,
  0x87, 0x07, 0x73, 0x93, 0x2c, 0x90, 0xfe, 0xb3, 0x6d, 0x1f, 0xfb, 0xbb,
  0xe5, 0x0b, 0xe6, 0x6c, 0x5b, 0x77, 0xf6, 0x6a, 0x66, 0xa2, 0xb8, 0x56,
  0x0f, 0xc5, 0x40, 0xff, 0x6c, 0x57, 0x47, 0xf1, 0x77, 0x4e, 0x5f, 0xd4,
  0xf7, 0x6e, 0x66, 0x76, 0x00, 0xe8, 0x9f, 0x34, 0x72, 0x41, 0x22, 0xbb,
  0xb0, 0x67, 0xff, 0xd1, 0x2f, 0xf7, 0xcf, 0xea, 0xbd, 0xa2, 0xc3, 0xe3,
  0x30, 0x52, 0xc6, 0x1d, 0x1e, 0x9d, 0x80, 0x14, 0x96, 0x17, 0xab, 0x94,
  0x82, 0xd6, 0x96, 0xf2, 0xcf, 0x68, 0x22, 0xd0, 0x31, 0x00, 0x16, 0x6c,
  0xf9, 0x2e, 0x26, 0xc3, 0x28, 0x4a, 0x1b, 0x44, 0x61, 0x84, 0x42, 0x21,
  0x6f, 0xfb, 0x1e, 0x11, 0x81, 0x32, 0xb9, 0xdd, 0x24, 0x8d, 0x04, 0xd6,
  0xf9, 0x42, 0xc1, 0xa9, 0x54, 0x83, 0xaf, 0xbd, 0xe6, 0xd2, 0x73, 0x26,
  0x76, 0xee, 0xdc, 0xe9, 0x10, 0x91, 0x6a, 0x1b, 0x98, 0x67, 0xb5, 0xf1,
  0xa8, 0x5d, 0x54, 0xf9, 0xfc, 0x8f, 0x56, 0xeb, 0xac, 0xe3, 0xe7, 0x3b,
  0x98, 0x7b, 0x80, 0x39, 0xf7, 0xfe, 0x77, 0x7e, 0xe0, 0x63, 0x67, 0xad,
  0x3c, 0xed, 0xf7, 0xd7, 0xad, 0x39, 0x27, 0xae, 0xd7, 0x43, 0x52, 0x5a,
  0x53, 0x67, 0x47, 0x87, 0x10, 0x02, 0x27, 0x54, 0x2c, 0x7e, 0x03, 0x00,
  0x76, 0xec, 0xd8, 0xc1, 0x9b, 0x37, 0x6f, 0x36, 0x3f, 0x29, 0xf4, 0x92,
  0x22, 0x97, 0xad, 0x5b, 0xb7, 0xd2, 0x7d, 0x8f, 0x1d, 0xff, 0x42, 0x7f,
  0x6f, 0xcf, 0xeb, 0x0b, 0x8e, 0x8e, 0x0c, 0x0b, 0x77, 0x68, 0x74, 0x12,
  0xc2, 0x4a, 0x28, 0x50, 0x14, 0xc6, 0x30, 0x4a, 0xb3, 0x45, 0x2b, 0xda,
  0x1a, 0x99, 0xb4, 0x3a, 0xda, 0xa4, 0x9f, 0xa5, 0xad, 0xd5, 0x60, 0x86,
  0x20, 0x81, 0x5a, 0x2d, 0x80, 0xeb, 0xb9, 0x48, 0xdf, 0x03, 0x00, 0x08,
  0x40, 0x80, 0xd8, 0x18, 0x26, 0x06, 0x81, 0x08, 0x32, 0x0c, 0x23, 0xa3,
  0x35, 0x7f, 0x09, 0x00, 0x46, 0x46, 0x46, 0xb8, 0x2d, 0x7f, 0xd0, 0x1e,
  0xed, 0xf1, 0x2c, 0xc6, 0xfa, 0xf5, 0x5b, 0x9c, 0xdd, 0xbb, 0xb7, 0xa9,
  0xf7, 0xfe, 0xfb, 0x7f, 0xf7, 0x3d, 0xf5, 0xf0, 0xbe, 0xaf, 0xad, 0xbf,
  0xe4, 0xa2, 0xf5, 0xab, 0xcf, 0x5c, 0x19, 0x55, 0x2a, 0x55, 0x69, 0x0c,
  0x93, 0xe7, 0xfb, 0xba, 0xaf, 0xb7, 0xc7, 0x31, 0xe0, 0x57, 0x9f, 0xb9,
  0xa8, 0xef, 0xdb, 0xcc, 0xfc, 0x82, 0x9c, 0xde, 0x78, 0x8e, 0x0c, 0xdd,
  0x2d, 0xdb, 0xb7, 0x7b, 0xaf, 0x39, 0xfb, 0xa2, 0x2f, 0xcf, 0xe9, 0xef,
  0x7f, 0x53, 0x67, 0x8e, 0x42, 0x41, 0xc2, 0x3d, 0x36, 0x3c, 0x0e, 0xad,
  0x35, 0xa4, 0x94, 0x88, 0x95, 0x46, 0x1c, 0x45, 0x49, 0x12, 0x3a, 0x15,
  0x8f, 0x42, 0xca, 0x7d, 0xa1, 0x86, 0xb6, 0x2e, 0x67, 0x69, 0xe9, 0x28,
  0xd6, 0x14, 0x84, 0x01, 0x0a, 0xf9, 0x3c, 0x1b, 0x63, 0xab, 0xa5, 0xd3,
  0x82, 0x69, 0xca, 0x88, 0x30, 0xc2, 0x14, 0x72, 0x39, 0x37, 0x8e, 0xe3,
  0xbd, 0x17, 0x9e, 0xbb, 0xe2, 0x42, 0x00, 0xfc, 0x42, 0x19, 0xd5, 0x76,
  0x90, 0xb7, 0x3d, 0x9e, 0x57, 0x3c, 0x23, 0x81, 0xf4, 0xfc, 0xb3, 0x6b,
  0x5c, 0xd6, 0x3b, 0xbb, 0x77, 0x6f, 0x53, 0x7f, 0xfa, 0x9e, 0x4f, 0x9d,
  0xf5, 0xc4, 0xfd, 0x0f, 0x7f, 0xf9, 0xd5, 0x97, 0xad, 0x3f, 0x6b, 0xf9,
  0xf2, 0x65, 0xd1, 0xf4, 0x74, 0xd9, 0x01, 0x18, 0x8e, 0x23, 0xe3, 0x81,
  0x81, 0x01, 0x3f, 0x8e, 0xc3, 0x0f, 0x9c, 0xb9, 0x78, 0xd6, 0xb7, 0xf7,
  0x30, 0xbb, 0x3f, 0x4a, 0x51, 0xdf, 0x8f, 0x56, 0x8e, 0xc0, 0x62, 0xd3,
  0x26, 0x30, 0x11, 0xa9, 0x5b, 0xef, 0x7c, 0x6a, 0x71, 0xd7, 0xac, 0xdc,
  0xe7, 0xe6, 0xf6, 0xf7, 0x5e, 0xd6, 0xe1, 0x51, 0x68, 0xd8, 0xb8, 0x47,
  0x87, 0xc7, 0xac, 0x71, 0x71, 0x1c, 0x28, 0xad, 0xa1, 0x92, 0xb8, 0x0b,
  0x28, 0x91, 0x5b, 0x20, 0x62, 0xd6, 0x69, 0x3c, 0xc5, 0x34, 0x82, 0xbc,
  0xb0, 0x1a, 0xbb, 0x06, 0xa0, 0x7a, 0x10, 0x20, 0xe7, 0x7b, 0x3c, 0x13,
  0x80, 0x52, 0x93, 0x77, 0x44, 0x30, 0xc6, 0xf3, 0x7d, 0xa8, 0x58, 0x7d,
  0x85, 0x88, 0x4c, 0xe2, 0x1e, 0xbe, 0x20, 0x73, 0x20, 0x5e, 0x0c, 0x9b,
  0xa0, 0x49, 0x5f, 0xf4, 0x47, 0xfe, 0x9d, 0x67, 0x09, 0x71, 0x7f, 0xa6,
  0xee, 0xb9, 0xf9, 0xe7, 0xa7, 0x3d, 0xc7, 0xf8, 0x21, 0x19, 0x9d, 0x1f,
  0xc7, 0x35, 0x6d, 0xda, 0xb4, 0x49, 0xee, 0xde, 0xbd, 0x5b, 0xfd, 0xf6,
  0x5b, 0xaf, 0xbe, 0xa2, 0x3e, 0x36, 0x7c, 0xfb, 0xeb, 0x5e, 0x75, 0x79,
  0x62, 0x5c, 0xa6, 0x1d, 0x02, 0x40, 0x42, 0xa8, 0xee, 0xde, 0x5e, 0x3f,
  0x8e, 0x83, 0x5b, 0x06, 0x9f, 0xea, 0x7b, 0xd7, 0xce, 0x9d, 0x3b, 0x9d,
  0xb5, 0x80, 0xfa, 0x71, 0x19, 0xcc, 0x64, 0x9e, 0xc4, 0xce, 0x9d, 0x3b,
  0x1d, 0x00, 0xbc, 0x79, 0x33, 0x69, 0x22, 0x32, 0xdf, 0xdb, 0x77, 0xf4,
  0x57, 0xfb, 0xe7, 0x94, 0xee, 0x5d, 0x3a, 0x6f, 0xf6, 0x65, 0x7d, 0x25,
  0x27, 0xd2, 0xac, 0xdd, 0x13, 0xa3, 0x93, 0xd0, 0x46, 0xc3, 0xf5, 0x5c,
  0x30, 0x1b, 0x68, 0xa5, 0xc1, 0xc6, 0x64, 0x85, 0x8b, 0x8d, 0x6c, 0x11,
  0xc0, 0x46, 0x53, 0x56, 0x0e, 0x80, 0xb4, 0xbf, 0x91, 0x44, 0x14, 0xc7,
  0x90, 0x52, 0xb0, 0x14, 0x32, 0x73, 0x8d, 0x4e, 0x5e, 0x13, 0xcc, 0x44,
  0xe4, 0x56, 0x2b, 0xd5, 0xb2, 0x21, 0xfe, 0x0a, 0x00, 0x6c, 0xdd, 0xba,
  0xf5, 0x05, 0x63, 0x2b, 0xff, 0xc2, 0x23, 0x18, 0x4b, 0x1e, 0xfa, 0xf1,
  0x6e, 0xb2, 0x54, 0xb2, 0x70, 0x27, 0xb3, 0xb3, 0xf1, 0x27, 0x08, 0xad,
  0x7f, 0x16, 0xe6, 0xf6, 0x85, 0x22, 0x93, 0xbd, 0xd0, 0x4d, 0xc7, 0x88,
  0x48, 0x0b, 0x21, 0xf4, 0xab, 0x7f, 0xf5, 0x0f, 0xfe, 0x48, 0xc6, 0xe1,
  0x47, 0x7f, 0xf9, 0x4d, 0x6f, 0x72, 0x7a, 0xfb, 0x7a, 0xe3, 0x89, 0x89,
  0x49, 0x87, 0x98, 0x01, 0x21, 0x74, 0x67, 0x47, 0xa7, 0x27, 0x04, 0x1d,
  0x64, 0xce, 0xff, 0x9f, 0x0d, 0x1b, 0xa0, 0x81, 0x0d, 0x3f, 0x52, 0xbc,
  0xa5, 0x39, 0x4e, 0xd3, 0xb4, 0xce, 0x08, 0x00, 0xed, 0x4a, 0xc0, 0xc2,
  0x06, 0xeb, 0x76, 0xe8, 0xc4, 0x7f, 0x31, 0xd8, 0xb4, 0x49, 0xde, 0x75,
  0xf5, 0x27, 0xaf, 0xe8, 0xcc, 0x3b, 0x6f, 0xef, 0xeb, 0x2c, 0x6c, 0xe8,
  0x2c, 0xb8, 0x60, 0xad, 0xe2, 0xa1, 0xd1, 0x8a, 0x13, 0xc5, 0x0a, 0x5a,
  0x19, 0x38, 0x8e, 0xed, 0x0b, 0xad, 0x52, 0xe9, 0x05, 0x63, 0x92, 0xf8,
  0x4a, 0xe2, 0x16, 0xc1, 0xcc, 0x30, 0x2c, 0x9c, 0x3e, 0x17, 0x68, 0x6d,
  0x28, 0xa8, 0x07, 0x28, 0xe4, 0xf3, 0x99, 0xf6, 0x0b, 0x92, 0x4a, 0x69,
  0x7b, 0x8d, 0x94, 0xc4, 0x47, 0xc8, 0xe4, 0x0b, 0x25, 0xa7, 0x56, 0x0f,
  0x6f, 0xbe, 0x64, 0xcd, 0xca, 0xa3, 0x2f, 0x74, 0x39, 0x84, 0xf3, 0xb3,
  0x72, 0xe2, 0x6e, 0xdd, 0x0a, 0xda, 0xba, 0x15, 0xd8, 0x01, 0x50, 0xff,
  0xae, 0x5d, 0x04, 0x6c, 0xb0, 0xff, 0xb8, 0x01, 0xc0, 0xae, 0xe4, 0xe5,
  0x86, 0x1f, 0x2d, 0xf8, 0xba, 0x03, 0x40, 0xd2, 0x87, 0x8e, 0x85, 0x10,
  0x06, 0xa9, 0xd8, 0x71, 0xf2, 0x30, 0x8c, 0x31, 0x89, 0x5e, 0x20, 0x63,
  0x17, 0x40, 0xc9, 0x37, 0xa7, 0x5f, 0x8b, 0x0d, 0x8d, 0xa0, 0x6f, 0x4b,
  0x26, 0x25, 0xf9, 0x5d, 0x26, 0x22, 0x5d, 0x09, 0xc2, 0x8f, 0x87, 0x53,
  0xd5, 0xeb, 0xb7, 0x33, 0xdf, 0xb2, 0x09, 0x68, 0x26, 0x28, 0xfd, 0x54,
  0xdd, 0x87, 0x5d, 0xbb, 0x40, 0x1b, 0x36, 0x24, 0xa7, 0xde, 0xf3, 0xfc,
  0x8c, 0x1f, 0xfe, 0x7b, 0x8d, 0xe7, 0x96, 0xfe, 0xfe, 0xae, 0x5d, 0x4f,
  0x1f, 0xe7, 0xdb, 0xb0, 0x01, 0x44, 0x44, 0xf1, 0xc8, 0x74, 0xf5, 0x0f,
  0xe2, 0x50, 0x8b, 0xc7, 0x66, 0x75, 0x7c, 0x76, 0x03, 0x20, 0x76, 0xed,
  0x7a, 0x0e, 0xe4, 0xae, 0x0d, 0xad, 0x17, 0xba, 0xf1, 0x53, 0x9f, 0xe2,
  0x1d, 0x3b, 0x36, 0xeb, 0x7f, 0xbb, 0xf6, 0xfe, 0xee, 0xff, 0xf9, 0xef,
  0xcf, 0x7c, 0x62, 0xc5, 0x69, 0xa7, 0xfd, 0xef, 0xab, 0xae, 0x7c, 0x95,
  0x76, 0x5d, 0x5f, 0x4d, 0x8e, 0x4f, 0x48, 0x58, 0xf7, 0x81, 0x4b, 0x85,
  0x82, 0xeb, 0x79, 0x5e, 0x5d, 0x13, 0x36, 0x9f, 0xb5, 0xa8, 0x38, 0xf8,
  0xc4, 0x13, 0xf0, 0x56, 0xac, 0x80, 0xda, 0xc9, 0xec, 0x74, 0x24, 0x46,
  0x61, 0x2d, 0xc0, 0x7b, 0xf7, 0xee, 0x25, 0x60, 0x2d, 0xb0, 0x16, 0xc0,
  0xde, 0xf4, 0x8b, 0xf6, 0xa2, 0xbc, 0x76, 0x2d, 0x77, 0xec, 0x05, 0x95,
  0xd7, 0x5a, 0x17, 0x67, 0xcf, 0x1e, 0x76, 0xb1, 0x16, 0xd8, 0xbb, 0xd7,
  0xfe, 0xe1, 0x3a, 0xa2, 0x93, 0xe8, 0xf5, 0xaf, 0xfa, 0x93, 0x8f, 0xf9,
  0xef, 0xfa, 0xbd, 0x37, 0x9c, 0xdd, 0x59, 0x2a, 0xbc, 0xa1, 0x94, 0xf7,
  0x5f, 0x57, 0x2a, 0xf8, 0x67, 0xf7, 0x76, 0x7a, 0x08, 0x83, 0x38, 0x1e,
  0x9f, 0x9c, 0x16, 0x93, 0xd3, 0x55, 0x29, 0x84, 0x80, 0x94, 0x02, 0x8e,
  0x14, 0x30, 0xc6, 0x40, 0x69, 0x8d, 0x54, 0xdb, 0xc5, 0x06, 0x72, 0x09,
  0x20, 0x5b, 0xcc, 0x98, 0x51, 0x60, 0x92, 0x65, 0x99, 0xb0, 0x71, 0x41,
  0x24, 0x29, 0x08, 0xea, 0x70, 0x1c, 0x07, 0x42, 0x88, 0x34, 0x75, 0xdd,
  0xe4, 0x16, 0x59, 0x63, 0x43, 0xb6, 0x10, 0xc9, 0x0a, 0x7b, 0x33, 0x7d,
  0x0e, 0x3f, 0x06, 0x69, 0x8a, 0x9f, 0x60, 0x90, 0x97, 0x69, 0xcb, 0x16,
  0xd0, 0xea, 0xad, 0xa0, 0xfe, 0x5d, 0x20, 0x6c, 0x00, 0x36, 0x00, 0xe6,
  0x27, 0x5d, 0x3c, 0xb6, 0x69, 0xd3, 0x26, 0xd9, 0x73, 0xf9, 0xe5, 0xe2,
  0x0d, 0x0b, 0x17, 0x8a, 0xa1, 0xa1, 0x21, 0xfa, 0xfc, 0xc1, 0x83, 0x6a,
  0xf7, 0xb6, 0x6d, 0xcf, 0x0b, 0x75, 0x4c, 0x55, 0xc3, 0xf7, 0x33, 0xf3,
  0x6f, 0x77, 0x97, 0x72, 0xb3, 0xdb, 0x19, 0xa8, 0xe7, 0x36, 0xc6, 0x26,
  0x6b, 0xbf, 0xca, 0x82, 0xfe, 0x7d, 0xaa, 0x3c, 0xbe, 0x62, 0xd9, 0xfc,
  0xf9, 0x87, 0x5f, 0x00, 0x54, 0x85, 0xdf, 0x7e, 0xfb, 0x7b, 0x5f, 0x5b,
  0x1d, 0x1d, 0xfc, 0xf0, 0xba, 0xf3, 0xcf, 0x5b, 0x71, 0xe1, 0x4b, 0x2e,
  0x8a, 0xa3, 0x20, 0x14, 0x4a, 0xc5, 0x64, 0xab, 0x8b, 0xc1, 0xae, 0xe7,
  0xa3, 0xb3, 0xb3, 0x73, 0x28, 0x32, 0xd1, 0x9b, 0x5e, 0xbe, 0xe6, 0xf4,
  0x7b, 0x9e, 0xef, 0x77, 0x7e, 0xef, 0xe1, 0x27, 0x16, 0x5e, 0x78, 0xf6,
  0x8a, 0x23, 0xad, 0x81, 0xdb, 0x47, 0x4a, 0x2b, 0xcf, 0x5a, 0xb4, 0x40,
  0x1b, 0xb1, 0x84, 0x8d, 0x59, 0xe3, 0x7a, 0xe2, 0x2c, 0x57, 0xd2, 0x05,
  0x44, 0x72, 0x45, 0x57, 0xa7, 0x4f, 0x4a, 0x01, 0xf5, 0x7a, 0x5d, 0x57,
  0xaa, 0x81, 0xa9, 0xd4, 0x02, 0x19, 0x46, 0x0a, 0x52, 0x00, 0x9e, 0xe7,
  0x22, 0x55, 0xff, 0xd7, 0x5a, 0x67, 0xbd, 0xa2, 0xb5, 0xb6, 0x65, 0x00,
  0xc6, 0x30, 0x59, 0xd5, 0x7f, 0x24, 0xe9, 0x68, 0x0b, 0x62, 0x8c, 0xd1,
  0x49, 0x61, 0xa3, 0xe5, 0xfb, 0xd7, 0x6a, 0x35, 0x14, 0xf2, 0x05, 0x66,
  0x24, 0x81, 0xdd, 0xac, 0x8b, 0x00, 0x88, 0x52, 0x51, 0x29, 0x49, 0xda,
  0x75, 0x1c, 0x37, 0x52, 0xfa, 0x07, 0x53, 0x25, 0x71, 0xd6, 0x55, 0x2b,
  0x57, 0x46, 0x89, 0x95, 0xe2, 0x9f, 0x79, 0x03, 0xc3, 0xcc, 0xb4, 0x63,
  0xc7, 0x0e, 0xd1, 0xdf, 0xbf, 0x89, 0x36, 0x6c, 0xc8, 0xe0, 0xe1, 0xa9,
  0x7d, 0xf0, 0x3d, 0x4f, 0x76, 0x15, 0x8c, 0xd3, 0xe7, 0xe6, 0xdc, 0x1e,
  0x4f, 0xc8, 0x7e, 0x57, 0xba, 0x7d, 0x00, 0x77, 0x48, 0x49, 0xdd, 0x02,
  0xd4, 0x49, 0x42, 0x94, 0x88, 0x90, 0x23, 0x12, 0x0e, 0xc0, 0xae, 0x23,
  0x25, 0x0c, 0xc3, 0x4d, 0xec, 0xb6, 0x6d, 0x0d, 0x25, 0x00, 0x98, 0x14,
  0x9e, 0x92, 0xb1, 0x73, 0x0d, 0x68, 0xc3, 0x92, 0xd8, 0x48, 0x30, 0xb9,
  0x10, 0xdc, 0x0d, 0x36, 0xdd, 0xcc, 0x10, 0x8e, 0x20, 0x61, 0x08, 0x82,
  0x0d, 0x22, 0x66, 0x9e, 0x16, 0x42, 0xd4, 0x59, 0x88, 0x50, 0x30, 0x62,
  0xc3, 0x64, 0x04, 0x41, 0x93, 0xc8, 0x4c, 0xbf, 0x6b, 0xdb, 0xf3, 0x8a,
  0x08, 0x60, 0x95, 0x46, 0xaf, 0xc8, 0x2e, 0xe8, 0xbe, 0x9e, 0x92, 0x7f,
  0x45, 0xad, 0x56, 0x39, 0x51, 0x8b, 0xc5, 0xdd, 0x20, 0x69, 0x00, 0xa3,
  0x61, 0xc8, 0x30, 0xc1, 0xd8, 0x45, 0x61, 0xa9, 0x07, 0x56, 0x02, 0x1e,
  0x2c, 0xa5, 0x64, 0xc0, 0xc0, 0x10, 0x08, 0x2c, 0x6c, 0x57, 0x9a, 0x84,
  0x5c, 0x99, 0x44, 0xfa, 0x35, 0x11, 0x04, 0x0c, 0x13, 0x49, 0xc9, 0xac,
  0x0d, 0xa4, 0x14, 0xe9, 0xb1, 0x6e, 0x0c, 0x1b, 0x22, 0x66, 0xc7, 0x9e,
  0x65, 0x06, 0xcc, 0x42, 0x0b, 0x7b, 0x4d, 0x4c, 0x4c, 0x46, 0xb3, 0x21,
  0x66, 0x92, 0x42, 0x10, 0x84, 0x04, 0x93, 0x01, 0x31, 0x41, 0xb3, 0x66,
  0x41, 0xb6, 0x7c, 0x85, 0x99, 0x0d, 0x49, 0xe9, 0xb0, 0xd1, 0x06, 0x06,
  0x9a, 0x45, 0x12, 0x02, 0x24, 0x12, 0x06, 0x04, 0x36, 0x76, 0xd5, 0x52,
  0x56, 0xb3, 0x02, 0x08, 0x4e, 0x0a, 0xe9, 0x88, 0x60, 0x88, 0x04, 0x5b,
  0xd4, 0x67, 0x40, 0x24, 0xec, 0x21, 0x08, 0xc3, 0xc6, 0x80, 0x05, 0x09,
  0x68, 0x36, 0xf6, 0x08, 0x16, 0x0e, 0xcb, 0x24, 0x69, 0x6a, 0x23, 0x7e,
  0x06, 0x92, 0xc8, 0x00, 0x82, 0x34, 0x9b, 0x52, 0x41, 0xea, 0xcd, 0x46,
  0xeb, 0xe9, 0x9a, 0x71, 0x77, 0xf8, 0xae, 0x84, 0x01, 0x84, 0x00, 0x10,
  0x6b, 0xfb, 0x2c, 0x05, 0x25, 0x8c, 0x0d, 0x22, 0x95, 0x1c, 0xd0, 0x42,
  0xc5, 0x9a, 0xd2, 0x6e, 0x3e, 0xc4, 0x30, 0x85, 0x42, 0x8e, 0x3b, 0xbb,
  0x3d, 0x3c, 0xbc, 0xff, 0x30, 0x3e, 0xfd, 0x8f, 0x1f, 0x1e, 0xe8, 0xec,
  0xc8, 0xfd, 0xca, 0x65, 0x1b, 0x2f, 0xc3, 0x82, 0x85, 0x0b, 0xa3, 0x72,
  0x79, 0xd2, 0x31, 0x49, 0xb3, 0x31, 0x21, 0x04, 0x88, 0x84, 0xe9, 0xed,
  0xed, 0x93, 0x85, 0xee, 0xfe, 0x87, 0x84, 0xf4, 0x77, 0x31, 0xeb, 0x02,
  0x13, 0x29, 0x49, 0x82, 0x49, 0xc0, 0x18, 0x63, 0x8c, 0x80, 0x80, 0x81,
  0xb1, 0x8b, 0x0b, 0x30, 0x06, 0x82, 0x52, 0x09, 0x7e, 0x63, 0x69, 0xaf,
  0x9a, 0x84, 0x30, 0xc4, 0xd0, 0xb1, 0x0e, 0x7b, 0x89, 0xcd, 0x4a, 0xe9,
  0x78, 0xbb, 0x0c, 0x74, 0x40, 0x2c, 0x74, 0xa8, 0x63, 0x56, 0xb5, 0xca,
  0x6f, 0x75, 0x77, 0x14, 0xce, 0xc8, 0xe7, 0x7c, 0xb7, 0x54, 0xc8, 0xc1,
  0x68, 0x8d, 0x5a, 0xad, 0x8a, 0xa0, 0x5e, 0xd3, 0xca, 0xb0, 0x06, 0xb3,
  0x50, 0x86, 0x05, 0xd8, 0x1a, 0x15, 0xad, 0x14, 0x1c, 0x47, 0xc2, 0xf7,
  0x5c, 0xa8, 0xa4, 0x67, 0xb4, 0x25, 0xea, 0x5a, 0x79, 0x4b, 0xa3, 0x13,
  0xa3, 0x62, 0xec, 0xaa, 0x31, 0x86, 0x93, 0x80, 0x6f, 0xb2, 0xdf, 0x8c,
  0x81, 0xed, 0xa5, 0x26, 0xa8, 0x5e, 0xaf, 0xc3, 0x71, 0x24, 0xa4, 0x90,
  0x49, 0xc0, 0x37, 0xb3, 0xbe, 0x00, 0x91, 0x9d, 0x07, 0x2b, 0xa2, 0xa9,
  0x4a, 0xa5, 0x92, 0x57, 0xa9, 0x54, 0xb7, 0xbc, 0x6c, 0xdd, 0x19, 0xef,
  0x7e, 0x06, 0xd6, 0x32, 0x6d, 0xd9, 0xb2, 0x85, 0xb6, 0x6e, 0xdd, 0x8a,
  0xa4, 0x75, 0x49, 0xc3, 0xc3, 0xc8, 0x70, 0x7e, 0x06, 0x22, 0x01, 0xec,
  0xc2, 0xbe, 0xd5, 0xab, 0x79, 0xfb, 0xa6, 0x4d, 0x86, 0x7e, 0x0c, 0x59,
  0x85, 0x94, 0x2c, 0xd4, 0x62, 0x50, 0xd6, 0x6f, 0xd9, 0xe2, 0x6c, 0x7d,
  0xc3, 0x1f, 0x2c, 0xf0, 0x0b, 0xf9, 0xe5, 0xbe, 0x23, 0xcf, 0x10, 0x92,
  0x96, 0x4a, 0xc1, 0xcb, 0x00, 0xb1, 0x90, 0x88, 0xe7, 0xb0, 0x41, 0x0f,
  0x11, 0xe7, 0x7d, 0x3f, 0x07, 0xcf, 0x75, 0x20, 0x44, 0x23, 0xea, 0xcd,
  0xdc, 0xfc, 0xd3, 0xe8, 0xc9, 0x4d, 0xcd, 0x60, 0x81, 0xb9, 0xe9, 0x3d,
  0x3a, 0x89, 0xd0, 0x62, 0x29, 0xd1, 0x06, 0x5a, 0xeb, 0x93, 0x4e, 0x3c,
  0xcb, 0x31, 0x10, 0xa0, 0x84, 0xc8, 0x84, 0x4c, 0xfc, 0xf8, 0x64, 0x7a,
  0x19, 0x51, 0xd3, 0x9b, 0x04, 0xb0, 0x61, 0x54, 0x2a, 0x65, 0x95, 0xf3,
  0x1c, 0x27, 0x5f, 0x2c, 0x42, 0x29, 0x6e, 0x5c, 0x73, 0xf3, 0x95, 0x34,
  0x7f, 0x4e, 0x52, 0x5d, 0x66, 0x77, 0x6b, 0xa3, 0x41, 0x27, 0xb7, 0xce,
  0x65, 0x0b, 0x9d, 0x98, 0x1a, 0x84, 0xa8, 0xec, 0x73, 0x18, 0xcd, 0xff,
  0x4f, 0x49, 0xe1, 0x9a, 0xc8, 0xea, 0x50, 0x00, 0x40, 0x58, 0x7d, 0x8f,
  0xa6, 0xd2, 0xfd, 0xd6, 0x7b, 0x49, 0x3d, 0xa7, 0x99, 0x97, 0x67, 0x2f,
  0x2c, 0x21, 0x6f, 0x51, 0xa2, 0x46, 0x94, 0x15, 0xd1, 0x21, 0x3b, 0x15,
  0xd3, 0x7b, 0x05, 0x38, 0x6b, 0xe2, 0x95, 0x51, 0x1b, 0x9b, 0x88, 0x5c,
  0xc4, 0xf6, 0x23, 0xa9, 0xf1, 0x07, 0x00, 0x01, 0xe5, 0xe9, 0xb2, 0x71,
  0x24, 0x44, 0x57, 0x77, 0x27, 0x94, 0x6e, 0x5c, 0x53, 0x9a, 0xf5, 0x68,
  0xc8, 0x09, 0xc0, 0x6e, 0x20, 0x4a, 0x9c, 0x4f, 0x01, 0xb8, 0x1e, 0xe0,
  0x3a, 0xc0, 0xe0, 0x70, 0x1d, 0xb7, 0xef, 0xde, 0x85, 0x47, 0x1e, 0xb8,
  0x17, 0xf3, 0xe6, 0xcc, 0xc6, 0xaa, 0x55, 0xab, 0x35, 0x48, 0x72, 0x10,
  0x06, 0xd6, 0xa4, 0x69, 0x6b, 0x9a, 0x3d, 0xdf, 0x41, 0x77, 0x57, 0x0f,
  0x66, 0xf5, 0xcf, 0x46, 0xa9, 0xab, 0x5b, 0xe4, 0xf3, 0x3e, 0x12, 0xe3,
  0x7f, 0x32, 0x0b, 0x8a, 0xd0, 0x7c, 0xea, 0x37, 0x3d, 0xfb, 0xc6, 0xfb,
  0x76, 0x4d, 0x31, 0xe2, 0x38, 0x86, 0x9f, 0xf3, 0x90, 0x65, 0x88, 0x09,
  0x08, 0xea, 0x01, 0xc2, 0x30, 0x34, 0x0c, 0xd2, 0x9a, 0x0d, 0x1b, 0x6d,
  0xc0, 0xc6, 0x08, 0xb6, 0x86, 0x17, 0x6c, 0x54, 0x42, 0x86, 0x33, 0x70,
  0x04, 0x81, 0x8d, 0x86, 0xb6, 0x46, 0x24, 0x6b, 0x27, 0xd2, 0x4c, 0x28,
  0xe7, 0x84, 0xef, 0x02, 0x62, 0x10, 0x11, 0x6b, 0xc5, 0xd6, 0x66, 0x4b,
  0x62, 0x02, 0xc1, 0x18, 0xa6, 0xc4, 0xdd, 0x47, 0x18, 0x46, 0x70, 0x5d,
  0xb7, 0x29, 0xf6, 0xd2, 0x58, 0x83, 0x22, 0x5d, 0xe3, 0xc9, 0x0d, 0x4a,
  0xe9, 0x70, 0x39, 0x08, 0xcf, 0xbe, 0xe2, 0xe2, 0xb3, 0xf7, 0x6f, 0xdf,
  0xbe, 0x5d, 0x6e, 0xda, 0xb4, 0xc9, 0x6c, 0xdd, 0x0a, 0x5a, 0xbd, 0x1a,
  0xf4, 0xe8, 0xa3, 0xbb, 0x08, 0xd8, 0x65, 0x9e, 0x8f, 0x0e, 0x0e, 0xbd,
  0x80, 0x24, 0xa1, 0x16, 0x51, 0xe0, 0x6b, 0x76, 0x3e, 0x52, 0xba, 0x60,
  0xc9, 0x69, 0x67, 0x7b, 0x82, 0x2f, 0x12, 0x42, 0xac, 0x95, 0xc4, 0x6b,
  0x24, 0xb0, 0xc4, 0xf5, 0xdc, 0xa2, 0xef, 0x3b, 0x60, 0x03, 0x18, 0x15,
  0x43, 0x69, 0x05, 0x15, 0xc7, 0xd0, 0x2a, 0x66, 0x00, 0x86, 0x2d, 0x0c,
  0x61, 0x42, 0x53, 0x7b, 0xdc, 0xb4, 0x4e, 0xb4, 0xf9, 0x82, 0xb3, 0x14,
  0x69, 0x02, 0x55, 0x78, 0x86, 0x49, 0xb1, 0xbb, 0x24, 0x45, 0x19, 0x76,
  0x73, 0xa5, 0x55, 0x5d, 0xe9, 0x7b, 0x4d, 0x37, 0xc0, 0x38, 0x79, 0xe7,
  0xa5, 0x4d, 0xa9, 0x9a, 0x17, 0x9d, 0x20, 0xc1, 0x2d, 0xe4, 0x2b, 0x66,
  0x62, 0x40, 0x26, 0x5b, 0xc8, 0x34, 0x6f, 0xe1, 0xe6, 0x80, 0xa1, 0x69,
  0x26, 0xab, 0xcd, 0xd8, 0xec, 0xad, 0x0b, 0xbc, 0x61, 0x22, 0xd3, 0xdc,
  0x62, 0xfa, 0xda, 0x1a, 0x43, 0x7b, 0x2d, 0x9a, 0xed, 0x02, 0x4b, 0xab,
  0x60, 0xd1, 0x14, 0xb6, 0x7b, 0xda, 0x9d, 0x92, 0x25, 0x30, 0x5b, 0x0d,
  0x14, 0x91, 0x68, 0xec, 0xa2, 0x19, 0x7f, 0xcf, 0x4d, 0x36, 0x4c, 0x50,
  0x46, 0x9e, 0xc8, 0xf8, 0x16, 0xe9, 0xa7, 0x9d, 0x14, 0xe3, 0xa1, 0xd4,
  0x68, 0x72, 0xeb, 0x47, 0x73, 0x83, 0xfb, 0x48, 0x09, 0xc1, 0x8b, 0x19,
  0x24, 0x85, 0x50, 0x33, 0x57, 0xa5, 0xb5, 0x23, 0xa9, 0x18, 0x52, 0x12,
  0x33, 0x00, 0x83, 0x21, 0x10, 0x47, 0x31, 0x0e, 0x1f, 0x39, 0x86, 0x9d,
  0x77, 0xde, 0x81, 0x27, 0x1e, 0x7d, 0x08, 0xfd, 0x3d, 0xbd, 0x38, 0x7f,
  0xdd, 0x85, 0xe8, 0x9d, 0xd5, 0x47, 0xf5, 0x5a, 0x4d, 0xa6, 0x31, 0x0b,
  0xa5, 0x14, 0x48, 0x38, 0xe8, 0xee, 0xee, 0xc2, 0xbc, 0xb9, 0xb3, 0xd1,
  0xd3, 0xdb, 0x9b, 0xd8, 0x5f, 0xcd, 0x00, 0x69, 0x6e, 0x39, 0x34, 0x1a,
  0x37, 0xcb, 0x4d, 0x86, 0x2d, 0xfd, 0x77, 0x41, 0x00, 0x66, 0xce, 0x9f,
  0x75, 0x61, 0x84, 0x15, 0x3e, 0xa0, 0xe6, 0x89, 0x15, 0x94, 0x48, 0xf4,
  0x53, 0xd3, 0xbc, 0x25, 0x0b, 0xb6, 0x49, 0x8b, 0x85, 0x20, 0x04, 0x21,
  0xe7, 0x4b, 0x30, 0x33, 0xa2, 0x30, 0x44, 0x1c, 0x2b, 0x68, 0xad, 0x61,
  0x92, 0x06, 0xf5, 0x6c, 0xfb, 0x48, 0xb3, 0xd6, 0x3a, 0x75, 0x87, 0xa8,
  0x69, 0xbe, 0x59, 0x6b, 0x43, 0x5a, 0xdb, 0x32, 0x81, 0x4a, 0xb9, 0x02,
  0xd7, 0x75, 0xe1, 0x79, 0x1e, 0x3c, 0xcf, 0xcd, 0xe6, 0x8c, 0xd2, 0xef,
  0x4e, 0x8f, 0x33, 0x41, 0xba, 0x58, 0x28, 0xba, 0xd5, 0x5a, 0x75, 0xf7,
  0x23, 0x7b, 0xbe, 0xf3, 0x4a, 0x60, 0x2d, 0xde, 0xf2, 0x96, 0x75, 0xea,
  0x54, 0x2e, 0x3e, 0x33, 0x3b, 0x63, 0xc0, 0x6c, 0x33, 0x19, 0xcd, 0x56,
  0x26, 0x9e, 0x5d, 0xab, 0x54, 0x07, 0x34, 0x9b, 0xae, 0x98, 0x51, 0x08,
  0xea, 0xa1, 0x67, 0x54, 0xe4, 0xc6, 0xb1, 0x12, 0xd3, 0x95, 0x8a, 0x1c,
  0x1e, 0x1e, 0x2b, 0x96, 0xcb, 0xd3, 0x3c, 0x31, 0x59, 0x3e, 0x5c, 0x9e,
  0x9a, 0xfa, 0xce, 0x0b, 0x92, 0x9a, 0x4d, 0xe3, 0x28, 0x5f, 0xbc, 0xfb,
  0xf1, 0xce, 0xb3, 0xe6, 0x2d, 0x7a, 0x85, 0x2b, 0xf4, 0x9b, 0x24, 0x89,
  0x97, 0x0b, 0x49, 0x8b, 0xf3, 0x39, 0x1f, 0xac, 0x35, 0xe2, 0x28, 0x44,
  0x1c, 0x06, 0x0c, 0x82, 0x4a, 0x88, 0x3c, 0xc9, 0x7f, 0x1a, 0x0f, 0x81,
  0x99, 0x89, 0x60, 0x31, 0x72, 0x1a, 0x8c, 0xe7, 0xec, 0x91, 0x34, 0x99,
  0x17, 0xca, 0xba, 0xea, 0x66, 0x27, 0x3f, 0x51, 0x5a, 0xe8, 0xd5, 0x6c,
  0x5c, 0xa8, 0x09, 0x22, 0x12, 0xb8, 0xe9, 0xe8, 0x6f, 0x3c, 0x74, 0x34,
  0xd1, 0xa6, 0xd3, 0x68, 0x51, 0xfa, 0x5e, 0x33, 0x8a, 0x98, 0x89, 0x31,
  0x4e, 0x85, 0x70, 0x66, 0x6e, 0xb2, 0x26, 0x08, 0xd6, 0xb4, 0x11, 0x9b,
  0x00, 0xc2, 0xd3, 0xd2, 0x87, 0xb3, 0x53, 0x92, 0xd0, 0x7a, 0xf7, 0x4d,
  0x6f, 0x70, 0xb3, 0x11, 0x99, 0x89, 0xde, 0x18, 0x48, 0x38, 0x9a, 0xad,
  0x50, 0x25, 0x33, 0xbb, 0xdc, 0xca, 0x75, 0x6e, 0x46, 0x29, 0x33, 0xbe,
  0x83, 0x4e, 0x82, 0x37, 0xcd, 0x7b, 0xf1, 0xd4, 0x86, 0xe9, 0xe9, 0xce,
  0xae, 0xb4, 0x0f, 0x72, 0x0b, 0xd1, 0x6b, 0xe6, 0x7d, 0x10, 0x41, 0x4a,
  0x81, 0xb4, 0x00, 0xcf, 0x30, 0x10, 0x46, 0x31, 0x95, 0xa7, 0x2b, 0x98,
  0xa8, 0x54, 0xf9, 0xc8, 0xbe, 0x87, 0xf0, 0xc0, 0x7d, 0xf7, 0x63, 0x6c,
  0x6c, 0x04, 0xa5, 0xfe, 0x59, 0x58, 0x7d, 0xe6, 0x6a, 0xe4, 0x0b, 0x25,
  0x04, 0x41, 0x80, 0x28, 0x8a, 0x10, 0x84, 0x21, 0xb4, 0x66, 0x74, 0x74,
  0x76, 0x62, 0xe1, 0x82, 0xf9, 0x58, 0xbc, 0x68, 0x3e, 0xba, 0x7b, 0xba,
  0x21, 0x85, 0x03, 0x63, 0x54, 0x73, 0xc8, 0xb3, 0xf9, 0x30, 0x6f, 0x31,
  0xa6, 0x74, 0x72, 0x70, 0x27, 0x7b, 0xaf, 0xf9, 0x70, 0x6a, 0x20, 0x6a,
  0x6e, 0xc5, 0xcb, 0x19, 0xf4, 0x6b, 0x18, 0xe1, 0xcc, 0x40, 0x72, 0xcb,
  0x04, 0x66, 0x9f, 0x2d, 0xa5, 0x84, 0x94, 0x94, 0xa0, 0xc3, 0x26, 0x24,
  0x9c, 0x1e, 0x76, 0xc9, 0x41, 0xc8, 0x6c, 0x48, 0x1b, 0x03, 0xad, 0x1a,
  0x41, 0xe0, 0x28, 0x8e, 0xc1, 0xc6, 0x20, 0x08, 0xc3, 0x24, 0x6e, 0x63,
  0xab, 0xa5, 0xad, 0x81, 0xd2, 0xd9, 0x9a, 0x4f, 0x9f, 0x33, 0x33, 0x74,
  0xbe, 0x50, 0x70, 0xc2, 0x7a, 0xed, 0xf5, 0x1b, 0x2e, 0x59, 0xf3, 0x0d,
  0x8b, 0x76, 0x05, 0xc6, 0xb5, 0xee, 0xb9, 0xe3, 0x7b, 0x07, 0x17, 0x0f,
  0x0d, 0x1e, 0x3b, 0x6b, 0x6a, 0x6c, 0x6c, 0x85, 0x0a, 0x6a, 0xeb, 0xba,
  0x3a, 0x0b, 0x4b, 0x89, 0xcd, 0x3c, 0xc3, 0xa6, 0x53, 0x90, 0x20, 0xa5,
  0x15, 0xc2, 0x30, 0x42, 0xac, 0x14, 0x94, 0x62, 0x68, 0xa5, 0x60, 0x8c,
  0x42, 0xb9, 0x5c, 0x46, 0x10, 0x04, 0xf7, 0xc6, 0x61, 0xf4, 0x2d, 0x46,
  0x7c, 0x83, 0x13, 0xfb, 0x8f, 0xd2, 0xf3, 0x71, 0x85, 0x52, 0xc4, 0xb2,
  0xf7, 0xc9, 0xf2, 0x39, 0xb9, 0xbc, 0xf3, 0x5b, 0x92, 0xf0, 0x26, 0xdf,
  0xf5, 0x16, 0x49, 0xc1, 0x08, 0xeb, 0x55, 0xa8, 0x38, 0xd2, 0x42, 0x08,
  0x2d, 0x25, 0x41, 0x08, 0x41, 0xd6, 0x8f, 0xcf, 0xe6, 0x39, 0x81, 0x6b,
  0x33, 0xb6, 0x55, 0x42, 0x14, 0x92, 0x42, 0xe0, 0x54, 0xa7, 0x32, 0x3f,
  0x53, 0x91, 0x0c, 0xf3, 0x33, 0xa7, 0x6d, 0x66, 0xd8, 0x28, 0x50, 0xd3,
  0x19, 0xcc, 0x4d, 0xa7, 0xfd, 0x0c, 0xb7, 0x6b, 0x26, 0xd4, 0xe3, 0xa7,
  0xf9, 0xec, 0xc6, 0x1e, 0x6c, 0x5d, 0x38, 0x98, 0x61, 0x83, 0xb8, 0x89,
  0x69, 0xd9, 0x72, 0x9c, 0x35, 0x6f, 0x58, 0x3e, 0x15, 0xd6, 0x6c, 0xfe,
  0x0b, 0x3e, 0xe5, 0x2c, 0x08, 0xa2, 0xac, 0xe7, 0x0d, 0x35, 0x71, 0x3a,
  0x5b, 0xee, 0x99, 0x67, 0x3a, 0x8f, 0xa7, 0xdc, 0xe7, 0x09, 0x2a, 0x69,
  0x20, 0xc1, 0x96, 0xf9, 0xe1, 0x53, 0x5d, 0x07, 0x35, 0x0c, 0x7d, 0xcb,
  0x65, 0x37, 0xa1, 0x1c, 0x9e, 0x51, 0x21, 0x86, 0xb4, 0x8a, 0x37, 0x71,
  0x55, 0x93, 0xeb, 0x0b, 0x63, 0x8d, 0x5a, 0x18, 0x61, 0x6a, 0xba, 0x8a,
  0x23, 0xc7, 0x07, 0x71, 0xe8, 0xd0, 0x53, 0x18, 0x3a, 0x70, 0x90, 0xca,
  0xd5, 0x69, 0xae, 0xd6, 0xaa, 0xf0, 0x72, 0x39, 0xf4, 0xf5, 0x0f, 0x20,
  0x9f, 0xcb, 0xdb, 0x6c, 0x4b, 0x1c, 0x83, 0x99, 0xe1, 0x7a, 0x1e, 0xfa,
  0xfb, 0xfa, 0xb0, 0x7c, 0xd9, 0x69, 0x58, 0xb4, 0x70, 0x3e, 0xba, 0xbb,
  0xbb, 0x21, 0x04, 0x59, 0xd7, 0xb8, 0x71, 0x5a, 0xb5, 0x3c, 0x97, 0x66,
  0x17, 0x28, 0xbd, 0x67, 0x41, 0x4f, 0xf3, 0x08, 0x5a, 0xe6, 0xcb, 0x1a,
  0x90, 0x86, 0xfb, 0x6e, 0x83, 0xb3, 0x32, 0xc9, 0x04, 0x51, 0x93, 0x7f,
  0xc7, 0xb0, 0xee, 0x4b, 0x73, 0xc0, 0xb5, 0xb9, 0x04, 0x23, 0x3d, 0x1c,
  0xa8, 0xc9, 0x65, 0xa6, 0xc4, 0xa5, 0x49, 0xa5, 0x2c, 0xd3, 0xef, 0x77,
  0x04, 0x41, 0x64, 0x86, 0x08, 0x88, 0x95, 0x55, 0xb0, 0x23, 0x6a, 0x48,
  0x38, 0x68, 0x6d, 0xd3, 0xda, 0xb1, 0x4a, 0x09, 0x7a, 0xd6, 0x48, 0x69,
  0x63, 0x10, 0x29, 0x8d, 0x6a, 0xb5, 0x8e, 0x4a, 0x10, 0x9b, 0x58, 0xe9,
  0xbb, 0xc7, 0x46, 0x47, 0xf7, 0x0f, 0x8d, 0x0c, 0x8b, 0x5a, 0xb5, 0x7a,
  0x46, 0x1c, 0x45, 0x4b, 0xa3, 0x28, 0x1c, 0x60, 0xc3, 0x4e, 0x18, 0xd6,
  0xa1, 0x95, 0x82, 0x20, 0x86, 0xd1, 0x86, 0x63, 0x15, 0xb1, 0x31, 0x10,
  0x42, 0x48, 0x08, 0x47, 0xc2, 0x68, 0x15, 0x31, 0xf3, 0x53, 0xc4, 0xb8,
  0x2b, 0xd6, 0x66, 0xa7, 0x51, 0xb5, 0xdd, 0x5f, 0xfc, 0xec, 0xc7, 0x0f,
  0x3f, 0x2f, 0x17, 0x29, 0x29, 0x73, 0xd7, 0x00, 0xb0, 0x73, 0xdf, 0xe0,
  0x45, 0x7d, 0x1d, 0xa5, 0x77, 0xf8, 0x0e, 0x5d, 0x55, 0x2a, 0x14, 0xdc,
  0xa0, 0x56, 0x81, 0xd1, 0x2a, 0x16, 0x82, 0x98, 0x00, 0x29, 0x84, 0xa0,
  0x14, 0x56, 0x27, 0xc4, 0xa6, 0x6c, 0x91, 0xc7, 0x51, 0x8c, 0x89, 0xc9,
  0x49, 0xdb, 0xb7, 0x85, 0xd9, 0xc6, 0x0a, 0xd8, 0xa0, 0xbb, 0xbb, 0x1b,
  0x1d, 0x1d, 0x25, 0x18, 0xad, 0x9b, 0xe0, 0x64, 0xb3, 0xab, 0xd0, 0x7a,
  0xd5, 0xcd, 0x5b, 0x98, 0x4f, 0x3a, 0x55, 0xe9, 0x14, 0xf5, 0x34, 0xad,
  0x71, 0x81, 0x67, 0x3c, 0x75, 0xe9, 0x14, 0xf6, 0xef, 0x54, 0xab, 0x32,
  0x39, 0x95, 0xa4, 0x94, 0x99, 0xd1, 0xa4, 0xc4, 0x8d, 0x50, 0xcd, 0x31,
  0x9f, 0x96, 0x6b, 0xe3, 0x96, 0xeb, 0xe7, 0x99, 0x46, 0xad, 0x09, 0x75,
  0xd0, 0xf3, 0xa8, 0x01, 0x22, 0x3c, 0x4d, 0x8e, 0xfd, 0x24, 0xdb, 0xd5,
  0x1a, 0x73, 0x79, 0x3a, 0x2b, 0xdd, 0x6c, 0xa4, 0xb8, 0x39, 0xaf, 0x49,
  0x8d, 0x94, 0xa9, 0x94, 0xc2, 0x3e, 0xcf, 0xe4, 0xde, 0xd2, 0x74, 0x6b,
  0xf3, 0xfd, 0x08, 0x41, 0xc9, 0xe6, 0xb1, 0x06, 0x31, 0x8c, 0x14, 0x6a,
  0x61, 0x84, 0xc9, 0xe9, 0x2a, 0x4e, 0x0c, 0x8d, 0xe0, 0xd0, 0xa1, 0xc3,
  0x18, 0x3c, 0x71, 0x0c, 0x13, 0x63, 0x63, 0x98, 0x9e, 0x1c, 0x87, 0x8a,
  0x63, 0xe4, 0x72, 0x79, 0x74, 0x76, 0x76, 0x22, 0x5f, 0x2c, 0x42, 0x4a,
  0xeb, 0x26, 0xc5, 0x71, 0x0c, 0x22, 0x42, 0xae, 0x50, 0xc0, 0xa2, 0x05,
  0xf3, 0x71, 0xfa, 0xca, 0x15, 0x58, 0xb2, 0x78, 0x11, 0x4a, 0xa5, 0x82,
  0x0d, 0x7c, 0x6a, 0xd3, 0x88, 0x21, 0x3d, 0xf3, 0xa1, 0xd9, 0x12, 0x97,
  0x6b, 0x9e, 0x82, 0xac, 0x54, 0x96, 0x9e, 0xfe, 0xe4, 0x4a, 0xff, 0x5c,
  0x4a, 0x89, 0x6a, 0xa5, 0x82, 0xe9, 0x72, 0x25, 0xab, 0x13, 0x22, 0x62,
  0x78, 0x9e, 0x87, 0xbe, 0xde, 0x5e, 0xbb, 0x8e, 0x9b, 0xae, 0x27, 0x6b,
  0x76, 0xd6, 0x7c, 0xbe, 0xa5, 0xfb, 0x25, 0x35, 0xbe, 0xc9, 0x7c, 0x49,
  0x69, 0x0d, 0x91, 0x9d, 0x4f, 0x83, 0x30, 0x8c, 0xa1, 0xe2, 0x18, 0xc6,
  0x68, 0xb8, 0x9e, 0x0f, 0xa5, 0x13, 0x03, 0x27, 0x85, 0x0d, 0xe4, 0x0a,
  0x61, 0xd1, 0x5f, 0xac, 0x11, 0x04, 0x31, 0xaa, 0xd5, 0x0a, 0xc6, 0x27,
  0x26, 0x31, 0x32, 0x3a, 0x86, 0x13, 0x43, 0xc3, 0x18, 0x1b, 0x1b, 0x83,
  0x8e, 0x63, 0x11, 0x45, 0x01, 0xea, 0x41, 0x80, 0x38, 0x0c, 0xc1, 0x6c,
  0xe0, 0x48, 0xa9, 0x5c, 0xd7, 0x31, 0x10, 0x96, 0x3e, 0x26, 0x89, 0x84,
  0x10, 0x92, 0x49, 0x88, 0x88, 0x99, 0x47, 0xc0, 0xbc, 0x5f, 0xba, 0x72,
  0x67, 0x21, 0x9f, 0xbf, 0xe5, 0x65, 0xe7, 0x9f, 0xbe, 0xff, 0xaa, 0xab,
  0xae, 0x0a, 0x9b, 0xc1, 0xc7, 0x86, 0xad, 0x5b, 0xe5, 0x06, 0xc0, 0x6c,
  0xdb, 0xb6, 0xcd, 0x38, 0xcf, 0xb5, 0xa6, 0x63, 0xf3, 0xe6, 0xcd, 0xea,
  0xdb, 0x0f, 0x94, 0x07, 0xe6, 0x0f, 0xc8, 0xf7, 0xe6, 0x5d, 0xe7, 0x37,
  0x0b, 0xbe, 0x2b, 0xa7, 0xa7, 0x26, 0x75, 0x65, 0x2a, 0x88, 0xa4, 0x10,
  0xd2, 0xf7, 0x1c, 0x29, 0x05, 0x65, 0x13, 0x98, 0xc1, 0xb2, 0xa6, 0x8d,
  0xe2, 0xba, 0x0e, 0xa6, 0xc2, 0x00, 0xbd, 0xdd, 0x5d, 0x28, 0xe4, 0xf3,
  0xd0, 0x5a, 0xc3, 0x71, 0x24, 0xaa, 0xb5, 0x2a, 0xea, 0xd5, 0x1a, 0xfc,
  0x8e, 0x02, 0xb4, 0xeb, 0xb4, 0x3e, 0x4f, 0x6a, 0x75, 0x56, 0x9e, 0xae,
  0x3a, 0xf1, 0x64, 0xbe, 0x07, 0x9d, 0xbc, 0xa1, 0x9b, 0x9d, 0xeb, 0xa7,
  0x85, 0xf9, 0xad, 0xbb, 0x6c, 0xc6, 0xb9, 0x33, 0x23, 0x20, 0x6b, 0x57,
  0x60, 0xb9, 0x5c, 0x41, 0x18, 0xc5, 0x10, 0xc9, 0x75, 0x38, 0x8e, 0x83,
  0xae, 0xae, 0xce, 0x93, 0x31, 0xf8, 0xd3, 0x7d, 0x16, 0x9f, 0xec, 0x7d,
  0xcd, 0xc4, 0xf1, 0x33, 0x2e, 0x7d, 0xc6, 0x71, 0xfc, 0x4c, 0xf7, 0x41,
  0x8d, 0x10, 0x4f, 0x42, 0xb4, 0xb2, 0xf0, 0xbd, 0xf5, 0x9b, 0x9a, 0x51,
  0x0b, 0xcf, 0x34, 0xe2, 0x74, 0x2a, 0x8f, 0xb0, 0xf5, 0xe4, 0x65, 0x36,
  0x98, 0x9a, 0x9a, 0x46, 0x3d, 0x8c, 0x33, 0x44, 0x55, 0x2a, 0x15, 0x50,
  0x2a, 0x16, 0xed, 0xa2, 0x4f, 0x4e, 0xd1, 0x50, 0x69, 0x4c, 0x57, 0x43,
  0x8c, 0x8c, 0x4d, 0x62, 0x70, 0x78, 0x04, 0x63, 0x63, 0xa3, 0x18, 0x1a,
  0x1c, 0xc4, 0x91, 0xc3, 0x87, 0x31, 0x32, 0x74, 0x02, 0x51, 0x18, 0xa0,
  0x50, 0x28, 0xa2, 0xa3, 0xb3, 0x1b, 0x7d, 0x7d, 0x03, 0x70, 0x1c, 0xd7,
  0xb6, 0x42, 0x35, 0x1a, 0xf5, 0x6a, 0x15, 0x61, 0x14, 0x41, 0x4a, 0x07,
  0x73, 0xe6, 0x0c, 0xe0, 0x8c, 0x95, 0xcb, 0xb0, 0xea, 0xcc, 0x33, 0x30,
  0x6f, 0xee, 0x1c, 0xb8, 0xae, 0x6b, 0x63, 0x7a, 0x46, 0x5b, 0x01, 0x6b,
  0xe9, 0x64, 0x06, 0x94, 0xd0, 0x8a, 0x52, 0x53, 0x44, 0xd5, 0xec, 0xba,
  0x50, 0xb3, 0x15, 0x7d, 0x56, 0xd5, 0xb0, 0x9c, 0xf9, 0xbb, 0x86, 0x6d,
  0x50, 0x3d, 0x08, 0x42, 0x0c, 0xcc, 0xea, 0x4b, 0x82, 0xeb, 0x96, 0x30,
  0x37, 0x36, 0x36, 0x0e, 0x63, 0x0c, 0x0a, 0xf9, 0x1c, 0xcc, 0x29, 0x23,
  0xcb, 0xc9, 0xf3, 0xe0, 0x99, 0xcf, 0xce, 0x22, 0x92, 0x28, 0xd6, 0x08,
  0xa3, 0x18, 0x71, 0xac, 0x10, 0xc5, 0x31, 0x94, 0xd2, 0xa8, 0x56, 0xaa,
  0x98, 0x98, 0x9c, 0x84, 0xef, 0x79, 0x10, 0x8e, 0x0b, 0x21, 0x24, 0x34,
  0x03, 0xb5, 0x20, 0xc2, 0xe4, 0x74, 0x19, 0x53, 0x53, 0x93, 0x98, 0x9e,
  0x9a, 0xc4, 0xf8, 0xc4, 0x04, 0xa6, 0x26, 0x26, 0x11, 0xd4, 0xab, 0x08,
  0xeb, 0x35, 0x44, 0x61, 0x1d, 0x86, 0x19, 0x52, 0x48, 0x38, 0x8e, 0xa3,
  0x1c, 0xd7, 0x35, 0x8e, 0xe3, 0xc2, 0x71, 0x5d, 0x12, 0x24, 0x89, 0x61,
  0x28, 0x08, 0x23, 0xe9, 0x79, 0x1e, 0x3a, 0x3b, 0x4a, 0x50, 0x4c, 0x98,
  0x9c, 0x98, 0xd0, 0xe3, 0xa3, 0x43, 0xb7, 0x1e, 0x7c, 0x72, 0xff, 0xd6,
  0x07, 0xef, 0xfd, 0xee, 0x03, 0x33, 0xa9, 0x1f, 0xab, 0x56, 0xad, 0x22,
  0x34, 0x68, 0x27, 0x6a, 0xf7, 0x73, 0x44, 0x30, 0xb4, 0x7d, 0xfb, 0x76,
  0xb1, 0x79, 0xf3, 0x66, 0xbd, 0x67, 0xff, 0x91, 0x8d, 0xd2, 0xf5, 0x3f,
  0xd7, 0xd3, 0x59, 0x5c, 0x5a, 0x99, 0x1c, 0x57, 0xb9, 0x7c, 0xc1, 0xe4,
  0x4b, 0x45, 0x59, 0xca, 0xfb, 0x44, 0x64, 0xfb, 0xdc, 0xa6, 0x16, 0x3a,
  0x3d, 0x09, 0x48, 0x10, 0x44, 0xd3, 0x42, 0x77, 0x1d, 0x89, 0xe9, 0x72,
  0x19, 0xf9, 0x9c, 0x8f, 0x7c, 0x2e, 0x07, 0x03, 0x40, 0x12, 0x50, 0xad,
  0x54, 0x51, 0x0b, 0x02, 0xcc, 0xea, 0xed, 0x81, 0xd2, 0x9c, 0x3c, 0x34,
  0x03, 0x29, 0xa4, 0x7d, 0x6d, 0x0c, 0xa4, 0x94, 0x99, 0x8f, 0x29, 0x13,
  0x32, 0x12, 0x27, 0xee, 0x96, 0xb6, 0x54, 0x6a, 0x08, 0x9b, 0x6f, 0xb4,
  0xdf, 0x2f, 0x28, 0x89, 0xce, 0x53, 0x4a, 0xaa, 0x4b, 0x82, 0x95, 0x8d,
  0xd7, 0x96, 0xf9, 0xa8, 0xb3, 0x2c, 0x92, 0xd1, 0x06, 0x42, 0xda, 0x54,
  0x9e, 0x36, 0x3a, 0x49, 0x6f, 0xda, 0xdf, 0x11, 0x24, 0x9a, 0x3e, 0x33,
  0x75, 0xf3, 0x08, 0x71, 0x1c, 0xe3, 0xd8, 0x89, 0x41, 0x74, 0x94, 0x8a,
  0xd0, 0xc9, 0x86, 0x2b, 0x4f, 0x57, 0x30, 0xbb, 0xbf, 0x0f, 0xa5, 0x62,
  0x21, 0x53, 0x1a, 0x6b, 0xbe, 0x07, 0x6d, 0x0c, 0x64, 0xaa, 0xef, 0x91,
  0xdc, 0x4f, 0xda, 0x79, 0xcf, 0x11, 0x36, 0x47, 0x6e, 0xef, 0x5f, 0xd8,
  0xc0, 0xae, 0xc5, 0xa7, 0x19, 0x2a, 0xc8, 0xae, 0xcb, 0x24, 0xd7, 0x45,
  0x80, 0x52, 0x06, 0x42, 0x34, 0xdd, 0xab, 0x48, 0xef, 0xcf, 0x64, 0x06,
  0xde, 0x2e, 0x2e, 0x91, 0x09, 0x13, 0x39, 0x52, 0x66, 0xd7, 0x27, 0x84,
  0xc8, 0x48, 0x5d, 0xf6, 0xb5, 0xf5, 0xe5, 0xd3, 0xb9, 0x46, 0x82, 0x44,
  0x4d, 0xd3, 0x9c, 0xda, 0xca, 0x5e, 0x8b, 0x48, 0xc2, 0xa0, 0x86, 0x72,
  0xa5, 0x02, 0xcf, 0xf5, 0x10, 0x46, 0x0a, 0x04, 0xa0, 0x5c, 0xab, 0xa3,
  0x7f, 0x56, 0x1f, 0x2a, 0x81, 0xc2, 0x74, 0xa5, 0x66, 0x4f, 0xd0, 0xc1,
  0x61, 0x1c, 0x3d, 0x7a, 0x0c, 0xc7, 0x8f, 0x1e, 0xc1, 0xc8, 0xd0, 0x71,
  0x84, 0x61, 0x00, 0x29, 0x08, 0x85, 0x42, 0x09, 0x1d, 0x1d, 0x1d, 0xc8,
  0xe5, 0x0b, 0x10, 0xc2, 0x41, 0x18, 0x04, 0xd0, 0x46, 0x65, 0x07, 0x4b,
  0x18, 0xc5, 0xc8, 0xe5, 0x8b, 0x58, 0xb1, 0x6c, 0x31, 0xce, 0x39, 0xeb,
  0x0c, 0x9c, 0x79, 0xc6, 0x0a, 0xf4, 0xf5, 0x74, 0x41, 0x6b, 0x40, 0xa9,
  0x38, 0x09, 0x40, 0x9b, 0x2c, 0x1d, 0x6b, 0xaf, 0xd9, 0xde, 0x6f, 0x52,
  0x1c, 0x08, 0x91, 0x65, 0x9d, 0x91, 0xbc, 0x9f, 0xde, 0x57, 0xe3, 0xfd,
  0xec, 0x6f, 0x19, 0xb0, 0x1a, 0x2a, 0x8d, 0x75, 0x66, 0x92, 0xba, 0x9f,
  0xf4, 0x6f, 0xb9, 0x29, 0x91, 0x40, 0x82, 0x30, 0x36, 0x3e, 0x81, 0x59,
  0xbd, 0xdd, 0x70, 0xa4, 0x03, 0x23, 0x00, 0xc1, 0xc0, 0xe8, 0xd8, 0x38,
  0xf2, 0xb9, 0x1c, 0x72, 0xa9, 0x81, 0xc9, 0xf2, 0x03, 0x59, 0x8c, 0x85,
  0xb2, 0x78, 0x4e, 0x9a, 0x9a, 0x36, 0x8c, 0x28, 0xb6, 0x46, 0xa5, 0x5e,
  0x0f, 0xa0, 0x94, 0xb2, 0x08, 0xa9, 0x16, 0x40, 0x1b, 0x8d, 0x89, 0xe9,
  0x0a, 0xc6, 0xc6, 0x27, 0x61, 0x8c, 0x41, 0xb9, 0x5a, 0x47, 0x79, 0x6a,
  0x12, 0x13, 0x13, 0x63, 0x98, 0x1a, 0x1f, 0x47, 0x79, 0x7a, 0x0a, 0xf5,
  0x7a, 0x0d, 0xac, 0x63, 0xbb, 0x9e, 0x5c, 0x0f, 0x9e, 0xe7, 0x41, 0x08,
  0x99, 0xdd, 0x5f, 0xba, 0x66, 0x52, 0x83, 0xe9, 0xb9, 0x2e, 0xba, 0xbb,
  0x7b, 0x30, 0x7f, 0xe1, 0x7c, 0x2c, 0x5d, 0xbc, 0x08, 0x67, 0x2c, 0x5f,
  0xca, 0x7d, 0xbd, 0xdd, 0x78, 0xe2, 0xc8, 0x30, 0x2a, 0xd3, 0x13, 0x7c,
  0xe4, 0xe0, 0x93, 0xe2, 0xbb, 0x77, 0xde, 0x79, 0xc2, 0x23, 0x79, 0xc9,
  0xdc, 0xb9, 0x3d, 0xc7, 0x01, 0x60, 0xdb, 0xb6, 0x6d, 0xfa, 0x99, 0xa2,
  0x12, 0xf4, 0x6c, 0x08, 0x72, 0x69, 0x72, 0x71, 0xcd, 0xcb, 0xae, 0xfc,
  0xd3, 0x8e, 0x62, 0xe1, 0xc3, 0x88, 0xaa, 0x4e, 0xb5, 0x56, 0x8f, 0xa4,
  0xeb, 0x3b, 0x04, 0x46, 0x4f, 0x57, 0x37, 0x56, 0xac, 0x5c, 0x89, 0xcb,
  0x36, 0xae, 0xc7, 0x65, 0xaf, 0xbc, 0x2c, 0x59, 0xac, 0xad, 0x7e, 0xb9,
  0xa0, 0x06, 0x10, 0xc9, 0xb9, 0x02, 0x13, 0x53, 0xd3, 0xc8, 0xfb, 0x3e,
  0x4a, 0xc5, 0x3c, 0xe2, 0xf1, 0x09, 0xa0, 0xd8, 0x81, 0xe9, 0x20, 0x44,
  0x1c, 0x45, 0xe8, 0xef, 0xef, 0x81, 0x8a, 0x34, 0x5c, 0x4f, 0x42, 0x00,
  0x88, 0x94, 0x81, 0xe3, 0x08, 0xfb, 0x3a, 0xd6, 0xf0, 0x5c, 0x3b, 0x49,
  0x61, 0xa4, 0xe1, 0x7b, 0xf6, 0x75, 0x10, 0x69, 0xe4, 0x7e, 0xc8, 0xeb,
  0x7a, 0xa8, 0x90, 0xf7, 0x1d, 0x28, 0x03, 0x68, 0xad, 0xe1, 0xbb, 0x12,
  0x0a, 0x80, 0x8a, 0x0d, 0x72, 0xae, 0x40, 0xac, 0xed, 0x09, 0xec, 0x39,
  0x02, 0x91, 0xb6, 0x9b, 0x38, 0xe7, 0x8a, 0x96, 0xdf, 0x37, 0x00, 0x82,
  0x50, 0xa3, 0xe0, 0xdb, 0xd7, 0x61, 0xa4, 0x21, 0x85, 0x15, 0x53, 0x0e,
  0xc2, 0x08, 0xbd, 0x5d, 0x25, 0x44, 0xe5, 0x3a, 0x9c, 0x62, 0x1e, 0x23,
  0xd3, 0x55, 0x78, 0x82, 0x50, 0xc8, 0xe7, 0xa0, 0xb4, 0x81, 0x9f, 0x73,
  0xe0, 0x00, 0xa8, 0x45, 0x96, 0xd7, 0xe2, 0x4b, 0xa0, 0x16, 0xda, 0xfb,
  0x71, 0x84, 0x7d, 0xed, 0xba, 0x12, 0xae, 0x00, 0xea, 0x91, 0x45, 0x75,
  0xae, 0x00, 0xaa, 0xa1, 0x81, 0x23, 0x05, 0x7c, 0x07, 0x08, 0x63, 0x6b,
  0x58, 0x5c, 0x09, 0x44, 0x1a, 0x50, 0xda, 0xa0, 0xe0, 0xd9, 0xeb, 0xd5,
  0xda, 0x20, 0xef, 0x09, 0x68, 0x00, 0x51, 0xa4, 0x91, 0xf7, 0x24, 0x62,
  0x03, 0xc4, 0xb1, 0xbd, 0xde, 0x58, 0xdb, 0x27, 0x9e, 0x7e, 0xbe, 0x9f,
  0xcc, 0x6f, 0x35, 0x99, 0x17, 0xfb, 0x5a, 0xa3, 0xe8, 0x27, 0xf3, 0x95,
  0x7c, 0x06, 0x9e, 0xe1, 0xfd, 0x5a, 0x64, 0x90, 0xf3, 0x04, 0x62, 0x65,
  0x57, 0x59, 0xb9, 0x5a, 0x05, 0x01, 0x70, 0x5d, 0x17, 0x53, 0x13, 0x15,
  0x8c, 0x56, 0xea, 0x38, 0x72, 0xec, 0x04, 0x1d, 0x1b, 0x1c, 0xe1, 0xc3,
  0x87, 0x0f, 0x61, 0xe4, 0xf8, 0x11, 0x4c, 0x8e, 0x8f, 0x21, 0x0c, 0xea,
  0x24, 0x84, 0xe0, 0x5c, 0x3e, 0x87, 0x5c, 0xbe, 0x00, 0xcf, 0xcb, 0xc1,
  0xf5, 0x72, 0x00, 0x1b, 0x28, 0x15, 0x41, 0x6b, 0x95, 0xf9, 0xc3, 0x8e,
  0xe3, 0xc0, 0xf7, 0x73, 0xe8, 0xe8, 0xea, 0xc0, 0x9a, 0xb3, 0x56, 0xe3,
  0x25, 0xeb, 0xd6, 0x60, 0xf6, 0x40, 0x1f, 0x72, 0xae, 0x35, 0xb6, 0xe5,
  0x7a, 0x8c, 0x42, 0xde, 0x05, 0x25, 0xcf, 0xb8, 0xe8, 0x3b, 0xc9, 0xb5,
  0x69, 0x14, 0x3c, 0xfb, 0x9c, 0xea, 0x81, 0x46, 0x31, 0x97, 0x5c, 0x73,
  0xf2, 0xfc, 0xd2, 0xfb, 0xca, 0xf9, 0x12, 0x04, 0xa0, 0x16, 0x68, 0xe4,
  0x73, 0x32, 0xf9, 0x1c, 0x8d, 0xbc, 0x6f, 0xe7, 0xa7, 0x12, 0x68, 0xe4,
  0x72, 0x12, 0x4e, 0xd3, 0x6b, 0x01, 0xa0, 0x5a, 0x57, 0xf0, 0x7d, 0x07,
  0x8e, 0x00, 0xaa, 0x75, 0x9d, 0xc4, 0x0e, 0x09, 0x63, 0x63, 0x13, 0xe8,
  0xeb, 0xeb, 0x06, 0x0c, 0x40, 0x95, 0x69, 0xc8, 0x9e, 0x5e, 0x8c, 0x8c,
  0x8d, 0x21, 0x9f, 0xcb, 0x21, 0x9f, 0xcb, 0x23, 0xd6, 0x26, 0x0d, 0x0e,
  0x73, 0x6a, 0xa0, 0x8c, 0x31, 0xc4, 0xc6, 0x1e, 0x22, 0xc6, 0x68, 0xa8,
  0x24, 0x76, 0x12, 0xc5, 0x31, 0xb4, 0xd6, 0xa8, 0xd7, 0x43, 0x84, 0x61,
  0x80, 0x4a, 0xa5, 0x9c, 0x19, 0xca, 0x7b, 0xf6, 0x3e, 0x80, 0x83, 0x07,
  0x0e, 0xa0, 0x3a, 0x3d, 0x85, 0x30, 0x0a, 0x61, 0xb4, 0x65, 0xfc, 0xba,
  0x9e, 0x07, 0xd7, 0x75, 0x93, 0x1f, 0x2f, 0xcb, 0x42, 0x1a, 0x63, 0xa0,
  0x54, 0x9c, 0x11, 0xf9, 0x98, 0x13, 0xe3, 0xeb, 0xb8, 0xe8, 0xed, 0xed,
  0xc7, 0xfa, 0xf5, 0x97, 0x62, 0xe5, 0x8a, 0x65, 0xe8, 0xea, 0xec, 0x4a,
  0x0e, 0x11, 0x8d, 0x7a, 0x3d, 0x30, 0xd7, 0xdf, 0x70, 0x83, 0x19, 0x1f,
  0x1f, 0xe5, 0xf2, 0xc4, 0x88, 0xff, 0xd4, 0x13, 0xfb, 0x40, 0xec, 0x9c,
  0x7e, 0xeb, 0xad, 0x37, 0x3c, 0x9e, 0x50, 0x52, 0x9e, 0x31, 0x85, 0x2d,
  0x7f, 0x18, 0xeb, 0x75, 0xdf, 0xbe, 0xcd, 0x86, 0x99, 0xe5, 0x1d, 0x8f,
  0x8d, 0xfd, 0xc3, 0xf4, 0xe4, 0xe4, 0xd5, 0xe3, 0x43, 0x47, 0x8d, 0x11,
  0xbe, 0x86, 0xf4, 0x9c, 0xaa, 0x02, 0x42, 0x23, 0x11, 0xc5, 0x0a, 0x4f,
  0x7c, 0x7f, 0x1f, 0xae, 0xfb, 0xc6, 0xf5, 0x00, 0x33, 0x36, 0xac, 0xbf,
  0x18, 0x51, 0x6c, 0x20, 0x05, 0x41, 0x12, 0x41, 0x88, 0x46, 0x9a, 0x91,
  0x00, 0x38, 0x52, 0xa2, 0x52, 0xab, 0x83, 0x84, 0x84, 0x74, 0x5c, 0xa8,
  0x5a, 0x00, 0x38, 0x02, 0x41, 0x14, 0x81, 0x21, 0xe0, 0x38, 0x1e, 0xa4,
  0x94, 0x38, 0x31, 0x38, 0x88, 0xdb, 0x76, 0xdd, 0x8e, 0x15, 0xcb, 0x96,
  0x62, 0x68, 0x68, 0x14, 0xbb, 0xef, 0xb8, 0x0b, 0x8b, 0x17, 0x2f, 0xc1,
  0x63, 0x4f, 0x1c, 0xc0, 0xbd, 0xf7, 0x3d, 0x80, 0x95, 0xcb, 0x97, 0xe1,
  0x7b, 0xf7, 0x3d, 0x80, 0x13, 0x83, 0x43, 0x58, 0x30, 0x6f, 0x2e, 0x6e,
  0xb8, 0xf9, 0x36, 0x4c, 0x57, 0x43, 0xcc, 0xee, 0x1f, 0xc0, 0x8d, 0xb7,
  0xec, 0x44, 0x14, 0x2b, 0xf4, 0xf7, 0xcf, 0xc2, 0x0d, 0x37, 0xdd, 0x86,
  0x6a, 0x3d, 0xc2, 0xc0, 0xc0, 0x00, 0xbe, 0x7d, 0xeb, 0x2e, 0xe4, 0x73,
  0x3e, 0xfc, 0x7c, 0x01, 0xff, 0xf3, 0xcd, 0x6f, 0xa3, 0x58, 0x2c, 0xa1,
  0x90, 0xcf, 0xe1, 0xa6, 0x5b, 0x77, 0xa3, 0xb7, 0xbb, 0x1b, 0xca, 0x30,
  0xbe, 0xf1, 0xad, 0x9b, 0xd0, 0xd3, 0xdb, 0x07, 0xdf, 0xf3, 0x70, 0xe3,
  0xcd, 0x3b, 0xd1, 0x51, 0x2a, 0xa2, 0x50, 0x28, 0xe0, 0xba, 0x1b, 0x6e,
  0x41, 0xac, 0x09, 0xfd, 0x7d, 0x7d, 0xb8, 0xf9, 0xb6, 0x5d, 0x88, 0x62,
  0x85, 0xde, 0xbe, 0x59, 0x36, 0xc8, 0x66, 0x18, 0xe5, 0x6a, 0x00, 0xe9,
  0xe5, 0xc1, 0x95, 0x69, 0x28, 0x10, 0x82, 0x28, 0x86, 0x90, 0x0e, 0x40,
  0x02, 0xc2, 0x71, 0xf0, 0xd4, 0x53, 0x07, 0x70, 0xc7, 0x9d, 0x77, 0x61,
  0xe5, 0xf2, 0x65, 0x38, 0x74, 0xf8, 0x18, 0x6e, 0xbc, 0x65, 0x37, 0x56,
  0xac, 0x5c, 0x81, 0x63, 0xc7, 0x8e, 0xe3, 0xf6, 0xef, 0xde, 0x83, 0xd3,
  0x57, 0x9c, 0x86, 0x03, 0x87, 0x8e, 0xe0, 0xb6, 0xdd, 0x77, 0x62, 0xf9,
  0xb2, 0x65, 0x38, 0x72, 0xe4, 0x38, 0x76, 0xde, 0x7e, 0x17, 0xce, 0x58,
  0x71, 0x1a, 0xc6, 0xc6, 0xc6, 0x70, 0xd3, 0xad, 0xdf, 0xc1, 0x92, 0xc5,
  0x8b, 0x30, 0x31, 0x55, 0xc6, 0xd7, 0xbf, 0x71, 0x03, 0x66, 0xf5, 0x0f,
  0xc0, 0x71, 0x1c, 0x5c, 0x77, 0xfd, 0xb7, 0xd1, 0xd3, 0xd5, 0x89, 0x52,
  0x31, 0x87, 0xaf, 0x5e, 0xfb, 0x4d, 0x08, 0xe1, 0xa2, 0xbb, 0xa7, 0x07,
  0xd7, 0x5e, 0x77, 0x23, 0x18, 0x02, 0x3d, 0xbd, 0xdd, 0xf8, 0xc6, 0x0d,
  0x37, 0x63, 0x56, 0x4f, 0x37, 0x82, 0x7a, 0x0d, 0x77, 0xdc, 0xf5, 0x3d,
  0xac, 0x5c, 0x76, 0x1a, 0x1e, 0x7e, 0x64, 0x1f, 0xee, 0xba, 0xf7, 0x7e,
  0xac, 0x58, 0xb1, 0x02, 0x77, 0xdf, 0x7b, 0x1f, 0x1e, 0x78, 0x78, 0x3f,
  0x4e, 0x5f, 0xb1, 0x0c, 0xf7, 0x3f, 0xf8, 0x30, 0x9e, 0x78, 0xf2, 0x00,
  0x96, 0x2f, 0x5d, 0x84, 0xef, 0xde, 0xb3, 0x17, 0x4f, 0x1e, 0x3c, 0x8a,
  0xc5, 0x8b, 0x17, 0xe2, 0xa6, 0xdb, 0x6e, 0xc7, 0x93, 0x07, 0x0e, 0xe3,
  0xcc, 0x15, 0x4b, 0xf0, 0xf5, 0x6f, 0x7e, 0x0b, 0xf5, 0x7a, 0x80, 0xfe,
  0xfe, 0x7e, 0x5c, 0xff, 0xed, 0xdd, 0xd0, 0x32, 0x87, 0xe3, 0x63, 0x35,
  0x3c, 0x7e, 0xe0, 0x38, 0xee, 0xdf, 0xf7, 0x24, 0x76, 0xdd, 0x79, 0x2f,
  0x76, 0xde, 0x71, 0x27, 0x76, 0xde, 0x76, 0x2b, 0xee, 0xbd, 0xfb, 0x4e,
  0x7c, 0xff, 0x91, 0x07, 0x70, 0xe2, 0xc8, 0x01, 0x04, 0xb5, 0x2a, 0x3c,
  0xdf, 0x47, 0xa9, 0xa3, 0x0b, 0xa5, 0x52, 0x27, 0xfc, 0x24, 0x48, 0x1b,
  0x47, 0x11, 0x54, 0x1c, 0x82, 0x8d, 0xa5, 0x2d, 0x18, 0x6d, 0xe0, 0x79,
  0x39, 0x74, 0x76, 0x76, 0xa1, 0x54, 0x2a, 0x60, 0xe1, 0x82, 0xb9, 0xf8,
  0xd3, 0xdf, 0xff, 0x0d, 0xe4, 0x3c, 0xc2, 0xe8, 0xe8, 0x18, 0xe6, 0xcd,
  0x9b, 0x87, 0xbb, 0xf7, 0x3c, 0x88, 0x63, 0x27, 0x46, 0x69, 0xc1, 0xbc,
  0xd9, 0xf4, 0xbd, 0xbd, 0x0f, 0xe0, 0xe8, 0xb1, 0x41, 0x2c, 0x98, 0x37,
  0x1f, 0x77, 0xdd, 0x7b, 0x3f, 0x8e, 0x1d, 0x1f, 0xc4, 0xa2, 0xf9, 0xf3,
  0xb0, 0xf7, 0x81, 0x87, 0x30, 0x3c, 0x34, 0x8a, 0x79, 0x73, 0x67, 0xe3,
  0xae, 0x3d, 0x0f, 0xe0, 0xc8, 0xb1, 0x21, 0x2c, 0x5a, 0x30, 0x17, 0x7b,
  0xef, 0x7f, 0x10, 0x07, 0x0e, 0x1d, 0xc1, 0xc2, 0x05, 0x0b, 0xb0, 0xe7,
  0xfe, 0x47, 0xf0, 0xd4, 0xc1, 0xa3, 0x58, 0xb4, 0x60, 0x3e, 0xee, 0xbb,
  0xff, 0x21, 0x1c, 0x3f, 0x31, 0x88, 0x85, 0xf3, 0xe6, 0xe2, 0xbe, 0x07,
  0x1e, 0xc2, 0xfe, 0xc7, 0x9e, 0xc4, 0xd2, 0xc5, 0x8b, 0xb1, 0x6f, 0xff,
  0x63, 0xd8, 0xff, 0xd8, 0x0f, 0xb0, 0x74, 0xf1, 0x02, 0x3c, 0xf0, 0xd0,
  0x7e, 0x3c, 0xbc, 0xef, 0x71, 0x2c, 0x5b, 0xba, 0x04, 0x3f, 0x78, 0xf2,
  0x49, 0xec, 0xdf, 0xff, 0x18, 0x16, 0x2f, 0x9a, 0x9f, 0x04, 0x5b, 0x09,
  0x53, 0xe5, 0x2a, 0xa4, 0xe3, 0x83, 0x18, 0xd0, 0x61, 0x4c, 0xec, 0xfa,
  0x54, 0xa9, 0xd6, 0x12, 0x11, 0x16, 0x09, 0xa5, 0x4c, 0xc6, 0xce, 0x55,
  0x5a, 0x41, 0x69, 0x03, 0x15, 0x6b, 0x8a, 0x54, 0x8c, 0x58, 0xc5, 0x88,
  0x62, 0x6b, 0x5c, 0x54, 0xac, 0x60, 0x12, 0x7e, 0x0c, 0x27, 0x62, 0x2f,
  0x07, 0x0e, 0x1e, 0xc1, 0xed, 0x77, 0xdc, 0x85, 0xef, 0xde, 0x75, 0x37,
  0x4e, 0x1c, 0x3d, 0x8c, 0xd1, 0xa1, 0xe3, 0x50, 0x2a, 0x06, 0x1b, 0x0d,
  0x29, 0x05, 0x5c, 0xd7, 0xb1, 0x88, 0x55, 0x29, 0x44, 0x89, 0x41, 0x9a,
  0x9e, 0x9a, 0xc4, 0xf4, 0xf4, 0x24, 0xaa, 0xd5, 0x0a, 0xea, 0xd5, 0x0a,
  0x98, 0x0d, 0x04, 0x59, 0x24, 0xe7, 0x79, 0x1e, 0x3a, 0x3a, 0xbb, 0x51,
  0xec, 0xe8, 0x86, 0x9f, 0x2b, 0xa0, 0x50, 0x28, 0x70, 0xad, 0x5e, 0xe3,
  0x89, 0x89, 0x09, 0x3d, 0x36, 0x3e, 0x61, 0x8e, 0x1c, 0x3b, 0xe1, 0xde,
  0xf8, 0xcd, 0x6f, 0xc8, 0xbd, 0xf7, 0xde, 0xe5, 0xec, 0x7f, 0x78, 0xcf,
  0xf8, 0xe4, 0xc4, 0xc8, 0xd7, 0x85, 0xc0, 0x7f, 0x9d, 0x38, 0x71, 0x22,
  0xc2, 0xf3, 0xa9, 0xa6, 0xde, 0xb2, 0x65, 0xa7, 0xf3, 0xb5, 0xaf, 0x7d,
  0x4d, 0x33, 0xb3, 0xff, 0xfa, 0xdf, 0x79, 0xfb, 0xb5, 0xb5, 0xe9, 0x89,
  0xb7, 0xba, 0xaa, 0x12, 0xf6, 0x2f, 0x58, 0x81, 0x5c, 0xa9, 0x53, 0x28,
  0x15, 0xa3, 0x58, 0xea, 0x44, 0x4f, 0xcf, 0x2c, 0xe4, 0x72, 0x3e, 0xfc,
  0x9c, 0x0d, 0x32, 0xed, 0xdb, 0xb7, 0x0f, 0x12, 0x80, 0x2b, 0xd3, 0x38,
  0x01, 0xc3, 0x18, 0x40, 0x1b, 0x86, 0x36, 0x8c, 0x58, 0x1b, 0x04, 0x0a,
  0x88, 0x15, 0x10, 0x46, 0x0a, 0x93, 0xd3, 0x15, 0x4c, 0x09, 0x89, 0x3b,
  0xf6, 0x3c, 0x88, 0xef, 0xdc, 0x79, 0x0f, 0xa4, 0xe3, 0xa1, 0x52, 0x0d,
  0x40, 0x12, 0xb8, 0xf9, 0xb6, 0x3b, 0xf1, 0xa7, 0x6f, 0xdf, 0x82, 0xa3,
  0x83, 0xe3, 0xb8, 0xf1, 0xb6, 0xdb, 0xf1, 0x3b, 0x7f, 0xf4, 0x57, 0x18,
  0x1c, 0x3c, 0x8e, 0x5b, 0x6e, 0xdb, 0x89, 0xf7, 0x7e, 0xf8, 0x1a, 0x04,
  0x51, 0x84, 0x0f, 0x7e, 0xec, 0x9f, 0xf0, 0xd1, 0x4f, 0x7f, 0x1e, 0x53,
  0xd5, 0x10, 0xef, 0xba, 0xfa, 0x83, 0xf8, 0xef, 0xeb, 0xbe, 0x05, 0xa5,
  0x22, 0xbc, 0x73, 0xeb, 0xfb, 0xf0, 0xef, 0x5f, 0xfe, 0x1a, 0xaa, 0x41,
  0x84, 0x2d, 0xef, 0xfb, 0x08, 0xae, 0xfb, 0xd6, 0x4d, 0x28, 0x97, 0xcb,
  0xf8, 0xf3, 0xb7, 0x6f, 0xc1, 0xb7, 0x6e, 0xb9, 0x1d, 0x43, 0xa3, 0x13,
  0x78, 0xfb, 0xbb, 0xae, 0xc6, 0xdd, 0xf7, 0xec, 0xc5, 0xd1, 0x63, 0x83,
  0xf8, 0xbd, 0x3f, 0x79, 0x3b, 0xee, 0xbc, 0x67, 0x2f, 0x0e, 0x1f, 0x3e,
  0x4a, 0x7f, 0xbd, 0xf5, 0xfd, 0xd8, 0xbf, 0x7f, 0x1f, 0x8e, 0x1c, 0x3b,
  0x86, 0x3f, 0xf8, 0xb3, 0xb7, 0xe3, 0xfa, 0x9b, 0x76, 0x61, 0x68, 0x7c,
  0x1a, 0xef, 0xdc, 0xfa, 0x7e, 0xec, 0xfa, 0xce, 0x1d, 0x88, 0xc2, 0x1a,
  0xde, 0xfa, 0xae, 0xab, 0xf1, 0x1f, 0x3b, 0xbe, 0x0e, 0xcd, 0x40, 0xa5,
  0x1a, 0xa0, 0x5c, 0x8d, 0x10, 0x44, 0x0a, 0x53, 0x93, 0x53, 0x98, 0x24,
  0x07, 0xbb, 0xee, 0xbe, 0x0f, 0x77, 0xdd, 0x73, 0x1f, 0x34, 0x0b, 0x4c,
  0x4d, 0x4c, 0xc3, 0x75, 0x81, 0xeb, 0x6e, 0xb8, 0x15, 0x6f, 0xfb, 0xbb,
  0xf7, 0x62, 0x78, 0x7c, 0x1a, 0xbb, 0xee, 0xb8, 0x0b, 0x7f, 0x7b, 0xf5,
  0xfb, 0x30, 0x3d, 0x35, 0x89, 0x9d, 0xb7, 0xdf, 0x89, 0xb7, 0xfe, 0xed,
  0x7b, 0x30, 0x36, 0x31, 0x85, 0x9b, 0x6e, 0xdd, 0x8d, 0xbf, 0xfd, 0xfb,
  0x0f, 0xa2, 0x5a, 0xad, 0xe1, 0x3b, 0x77, 0xde, 0x85, 0x3f, 0x7b, 0xdb,
  0xdf, 0xe0, 0xd0, 0xb1, 0x21, 0xba, 0xfd, 0xee, 0xfb, 0xf0, 0x17, 0xef,
  0xdc, 0x8a, 0x43, 0x47, 0x07, 0xf1, 0xc8, 0xfe, 0xef, 0xe3, 0xcf, 0xdf,
  0xb1, 0x15, 0x8f, 0x3d, 0xf6, 0x38, 0x86, 0x87, 0x87, 0xf1, 0x17, 0xef,
  0xd8, 0x82, 0x5b, 0xbf, 0x73, 0x37, 0x1d, 0x19, 0x9c, 0xc4, 0x5f, 0xfd,
  0xcd, 0xd5, 0xb8, 0xe9, 0xb6, 0xef, 0x40, 0x45, 0x21, 0xb6, 0xbd, 0xf7,
  0x1f, 0xb0, 0x6b, 0xd7, 0x2e, 0x94, 0xa7, 0xa7, 0xf0, 0xb6, 0xbf, 0xfd,
  0x7b, 0xec, 0xbc, 0xf3, 0x1e, 0xec, 0xba, 0xf3, 0x7b, 0xf8, 0xe3, 0xb7,
  0xfe, 0x2d, 0x86, 0x46, 0x27, 0xf0, 0xc5, 0xaf, 0xfc, 0x37, 0xde, 0xfb,
  0xa1, 0x8f, 0x93, 0x2b, 0x41, 0x5f, 0xde, 0xfe, 0x35, 0x7c, 0xf0, 0x23,
  0x9f, 0x00, 0x01, 0xf8, 0xe8, 0x3f, 0xfd, 0x2b, 0xfe, 0xf6, 0xef, 0x3f,
  0x88, 0xa9, 0x00, 0xf8, 0xe0, 0xc7, 0x3f, 0x83, 0x8f, 0x5c, 0xf3, 0x69,
  0xf8, 0x12, 0xf8, 0xe2, 0x57, 0xbe, 0x8a, 0xed, 0x5f, 0xbf, 0x01, 0x87,
  0x87, 0xa7, 0x71, 0xc7, 0xc3, 0x87, 0x70, 0xd7, 0xfe, 0xe3, 0xb8, 0xf9,
  0xee, 0x47, 0x71, 0x68, 0x68, 0x02, 0xdf, 0xba, 0xf1, 0x16, 0x7c, 0xfe,
  0x5f, 0xff, 0x15, 0x5f, 0xf8, 0x97, 0x4f, 0xe3, 0x2b, 0xff, 0xf6, 0x69,
  0xdc, 0x78, 0xed, 0x57, 0xb0, 0xe7, 0xbb, 0xdf, 0xc1, 0xe0, 0xf1, 0x63,
  0x30, 0x0c, 0x74, 0x75, 0xf5, 0x62, 0xf6, 0x9c, 0xf9, 0xe8, 0x9d, 0xd5,
  0x8f, 0x7c, 0x2e, 0x07, 0x66, 0x8d, 0x30, 0xac, 0x21, 0x0c, 0x6a, 0x88,
  0x82, 0x00, 0xc6, 0x18, 0x44, 0x51, 0x88, 0x5a, 0x3d, 0x84, 0x9f, 0x2f,
  0xa2, 0xb7, 0x77, 0x16, 0x26, 0xa6, 0xa6, 0xf1, 0xdb, 0xff, 0xe7, 0xcd,
  0x28, 0x15, 0x8b, 0xf8, 0xc6, 0x37, 0xaf, 0x47, 0x64, 0x04, 0xfe, 0xe1,
  0x63, 0x9f, 0xc6, 0x3b, 0xb7, 0xbe, 0x07, 0x00, 0xe8, 0xa3, 0x9f, 0xfc,
  0x2c, 0x7d, 0xfc, 0x33, 0x9f, 0x83, 0x62, 0x81, 0x0f, 0xfc, 0xe3, 0x27,
  0xe9, 0x23, 0xd7, 0x7c, 0x1a, 0x8e, 0x0b, 0x7c, 0xe0, 0xa3, 0xd7, 0xe0,
  0x1f, 0x3e, 0x72, 0x0d, 0x84, 0x04, 0xb6, 0xbe, 0xef, 0x23, 0xb8, 0xfa,
  0x83, 0x1f, 0x03, 0x08, 0xf8, 0xf0, 0xc7, 0xff, 0x09, 0x1f, 0xfe, 0xc4,
  0x3f, 0xc1, 0x95, 0xc0, 0x7b, 0x3f, 0x7c, 0x0d, 0xfe, 0xe6, 0xdd, 0xef,
  0x07, 0x09, 0xe0, 0x53, 0x9f, 0xfd, 0x57, 0xbc, 0xff, 0xc3, 0x1f, 0x83,
  0x23, 0x81, 0x8f, 0x7e, 0xf2, 0x33, 0xb8, 0xfa, 0x03, 0x1f, 0x05, 0x08,
  0xf8, 0xe8, 0xa7, 0xfe, 0x15, 0xef, 0xf9, 0xd0, 0x47, 0xe1, 0xba, 0xc0,
  0x67, 0x3f, 0xff, 0x25, 0xbc, 0xf5, 0x5d, 0x7f, 0x8f, 0x30, 0x52, 0xf8,
  0xc2, 0x7f, 0xfe, 0x17, 0xb6, 0xbd, 0xf7, 0x83, 0x20, 0x68, 0xfc, 0xcb,
  0xe7, 0xbf, 0x8c, 0x3f, 0xfc, 0x8b, 0x77, 0xe0, 0xf8, 0xf0, 0x24, 0x62,
  0xc5, 0x88, 0x22, 0x9b, 0xb1, 0x89, 0xc3, 0x00, 0xd3, 0x95, 0x0a, 0x26,
  0x88, 0xb0, 0xe3, 0xda, 0xeb, 0xf0, 0xd8, 0x63, 0x8f, 0x83, 0x19, 0x08,
  0xc2, 0x08, 0x61, 0x18, 0xa2, 0x1e, 0x84, 0xa8, 0xd6, 0x03, 0xd4, 0x83,
  0x08, 0xf5, 0x7a, 0x40, 0x41, 0x10, 0x20, 0x08, 0x22, 0x1b, 0xb8, 0x55,
  0x71, 0x53, 0x81, 0x63, 0xe2, 0xba, 0x92, 0x80, 0x23, 0x1d, 0x9c, 0x7d,
  0xd6, 0x2a, 0xfc, 0xf2, 0x1b, 0x5f, 0x87, 0xcb, 0x2f, 0xbf, 0x0c, 0xa7,
  0x9d, 0xb6, 0x12, 0xf3, 0xe6, 0x2f, 0xc4, 0xe2, 0x25, 0xcb, 0x30, 0x67,
  0xee, 0x7c, 0xf4, 0xcd, 0x1a, 0x40, 0x47, 0x67, 0x37, 0x0a, 0xc5, 0x0e,
  0x14, 0x0a, 0x25, 0x14, 0x4b, 0x9d, 0xe8, 0xe8, 0xec, 0x46, 0x6f, 0xdf,
  0x00, 0xfa, 0x67, 0xcf, 0xc3, 0xec, 0x39, 0xf3, 0xb0, 0x60, 0xf1, 0x32,
  0xcc, 0x9d, 0xbf, 0x04, 0x73, 0x16, 0x2c, 0xe6, 0x79, 0x0b, 0x97, 0xf2,
  0xc2, 0x45, 0x4b, 0x79, 0xf6, 0xec, 0xd9, 0xdc, 0xd1, 0x51, 0xd4, 0x53,
  0x93, 0xe3, 0x6a, 0xff, 0xf7, 0x1f, 0x17, 0x4f, 0x3c, 0x79, 0xc8, 0x79,
  0xf4, 0xfb, 0x4f, 0x7a, 0x7b, 0xef, 0x7b, 0xd0, 0xbb, 0xff, 0xfe, 0x07,
  0x8e, 0x8f, 0x8e, 0x9e, 0xf8, 0x6a, 0x14, 0x94, 0x7f, 0x93, 0x8a, 0xc5,
  0xd5, 0x07, 0x0f, 0x1e, 0xf9, 0xb5, 0xbd, 0x7b, 0xf7, 0x4e, 0xa5, 0xa9,
  0x8e, 0x1f, 0x66, 0x60, 0xe4, 0xa9, 0x5c, 0xa2, 0xed, 0xdb, 0x57, 0xcb,
  0x3f, 0xfe, 0xe3, 0xd7, 0x68, 0x66, 0x5e, 0xf2, 0xf1, 0xcf, 0x7c, 0xfe,
  0xcb, 0x87, 0x7f, 0xf0, 0xfd, 0x57, 0x1f, 0xdc, 0x7f, 0x5f, 0x40, 0xe4,
  0xb8, 0x31, 0xb9, 0x54, 0x9b, 0x1e, 0x83, 0x5f, 0x28, 0x91, 0x10, 0x0e,
  0x26, 0x46, 0x8f, 0x63, 0x72, 0xf8, 0x38, 0xc2, 0x20, 0xc2, 0x05, 0x17,
  0x9c, 0x8f, 0xbf, 0x7b, 0xd7, 0x3b, 0xd0, 0xd9, 0xd5, 0x8d, 0x20, 0xd6,
  0x50, 0x8a, 0x6d, 0x9a, 0x4c, 0xdb, 0x2c, 0x82, 0xd2, 0x06, 0xb1, 0xb6,
  0x10, 0xb0, 0x5c, 0xad, 0xd9, 0x58, 0x09, 0x03, 0xc1, 0x54, 0x19, 0x03,
  0x03, 0x03, 0xe8, 0xed, 0xed, 0x45, 0xa8, 0xac, 0xb8, 0x4e, 0x18, 0x03,
  0xb5, 0x7a, 0x1d, 0x82, 0x24, 0x5e, 0xf6, 0xb2, 0x4b, 0xe0, 0x48, 0x89,
  0x62, 0xa9, 0x03, 0x2f, 0x7f, 0xd9, 0x25, 0x08, 0x15, 0xa3, 0xa3, 0xd4,
  0x81, 0x73, 0xd7, 0xac, 0x41, 0xb5, 0x5a, 0xc3, 0xea, 0x33, 0xce, 0xc0,
  0x19, 0x67, 0xac, 0x40, 0xb9, 0x52, 0xc3, 0xea, 0x33, 0xcf, 0xc4, 0xfc,
  0x85, 0x8b, 0x31, 0x39, 0x39, 0x81, 0x75, 0xe7, 0xaf, 0xc1, 0xb2, 0xd3,
  0x4e, 0x43, 0xa5, 0x52, 0xc5, 0xea, 0xb3, 0x56, 0x63, 0xd6, 0xc0, 0x5c,
  0x54, 0x2b, 0x15, 0xbc, 0xf4, 0xa2, 0x0b, 0x30, 0xbb, 0xbf, 0x1f, 0x53,
  0xe5, 0x0a, 0xce, 0x3b, 0xff, 0x7c, 0x74, 0x75, 0xf7, 0x21, 0x0e, 0x43,
  0xac, 0xbf, 0xf4, 0xa5, 0xe8, 0xe8, 0xec, 0x44, 0x50, 0x8f, 0xb1, 0x76,
  0xdd, 0x3a, 0x78, 0x7e, 0x1e, 0xf5, 0x5a, 0x1d, 0x1b, 0xd7, 0xbf, 0x0c,
  0xb3, 0x07, 0x06, 0x50, 0x0f, 0xea, 0x38, 0xe7, 0xec, 0x73, 0xd0, 0xdd,
  0x3b, 0x80, 0xa9, 0xe9, 0x32, 0x2e, 0x5c, 0x7b, 0x3e, 0xe6, 0xcd, 0x9b,
  0x8b, 0x20, 0x0c, 0x11, 0xc5, 0x0a, 0x61, 0x14, 0x81, 0x89, 0x10, 0x4e,
  0x97, 0x31, 0x7b, 0xa0, 0x0f, 0x9d, 0xdd, 0x5d, 0xd0, 0x86, 0x61, 0x88,
  0x10, 0xc5, 0xd6, 0x85, 0x99, 0x3b, 0x77, 0x1e, 0xd6, 0x9d, 0xbf, 0x06,
  0xcc, 0x84, 0x81, 0x81, 0x01, 0xac, 0x3d, 0xff, 0x3c, 0x30, 0x04, 0x66,
  0x0f, 0xf4, 0xe3, 0x9c, 0x73, 0xd7, 0x20, 0x8a, 0x0d, 0xfa, 0x7a, 0x7a,
  0x71, 0xd6, 0x39, 0xe7, 0x82, 0x0d, 0xd0, 0xd7, 0xd7, 0x83, 0x8b, 0x5e,
  0x72, 0x21, 0x5c, 0xd7, 0x45, 0x6f, 0x77, 0x0f, 0xd6, 0xad, 0x3d, 0x1f,
  0xae, 0xeb, 0xc1, 0xcf, 0xe7, 0x71, 0xe1, 0x05, 0x17, 0xc2, 0xf1, 0x72,
  0x20, 0x01, 0x5c, 0x74, 0xe1, 0x4b, 0x68, 0xf6, 0x40, 0x3f, 0xe5, 0xf3,
  0x05, 0xbc, 0xe4, 0xc2, 0x75, 0xe8, 0xe9, 0x99, 0x85, 0x58, 0x33, 0xce,
  0x3e, 0xe7, 0x6c, 0xf4, 0xce, 0x9a, 0x0d, 0xdf, 0x75, 0x71, 0xde, 0x79,
  0x6b, 0xd0, 0xdd, 0xdd, 0x83, 0xfe, 0x59, 0xb3, 0x70, 0xfe, 0xf9, 0xe7,
  0x01, 0xd2, 0xc5, 0xe2, 0x45, 0x8b, 0x70, 0xf6, 0x59, 0x67, 0x21, 0x88,
  0x14, 0x16, 0x2d, 0x5e, 0x8c, 0x73, 0xcf, 0x3e, 0x0b, 0x5a, 0x6b, 0x2c,
  0x5f, 0xb6, 0x0c, 0x67, 0x9c, 0xb9, 0x12, 0xf5, 0x50, 0xa1, 0x6f, 0xf6,
  0x02, 0xa0, 0xd0, 0x87, 0x81, 0xf9, 0x4b, 0x31, 0x7f, 0xc1, 0x22, 0x3c,
  0xf0, 0xd0, 0x23, 0xf0, 0x24, 0xb0, 0xff, 0xe1, 0x07, 0x71, 0xcb, 0x8d,
  0xd7, 0xe3, 0xfb, 0x0f, 0x3f, 0x80, 0xc7, 0x1e, 0x7d, 0x10, 0x13, 0x63,
  0x43, 0x30, 0x4a, 0x21, 0x5f, 0x28, 0xa0, 0xab, 0xbb, 0x1b, 0xdd, 0xdd,
  0xbd, 0x28, 0x96, 0x8a, 0xf0, 0x3d, 0x1f, 0x42, 0x08, 0x28, 0xad, 0x93,
  0xcc, 0x8f, 0x42, 0x18, 0x84, 0xc9, 0xc9, 0x9b, 0xc2, 0x76, 0x8d, 0xa5,
  0xcb, 0x96, 0x61, 0xd1, 0xc2, 0xf9, 0xb8, 0x70, 0xdd, 0x79, 0x78, 0xd9,
  0x4b, 0x2f, 0xc6, 0xe8, 0xd8, 0x28, 0xae, 0xbc, 0x6c, 0x23, 0x22, 0xa5,
  0xd1, 0xdb, 0xd3, 0x83, 0x75, 0xe7, 0x9f, 0x83, 0x6a, 0x2d, 0xc4, 0x82,
  0xf9, 0x0b, 0xb0, 0xea, 0xac, 0x73, 0x30, 0x3a, 0x32, 0x86, 0xe5, 0xcb,
  0x96, 0xe2, 0xec, 0xd5, 0x67, 0xd2, 0xd8, 0xf8, 0x04, 0x56, 0xae, 0x58,
  0x8e, 0xb3, 0x57, 0xaf, 0xc6, 0xd0, 0xf0, 0x28, 0x16, 0x2e, 0x5c, 0x8c,
  0xb3, 0xce, 0x39, 0x17, 0x43, 0x23, 0x63, 0x58, 0xb6, 0x74, 0x09, 0xce,
  0x5b, 0xb3, 0x06, 0x43, 0x43, 0xc3, 0x98, 0x3f, 0x6f, 0x2e, 0xce, 0x59,
  0x73, 0x1e, 0x26, 0x27, 0xcb, 0x58, 0xb6, 0x6c, 0x19, 0xce, 0x5b, 0x73,
  0x2e, 0x8e, 0x9f, 0x18, 0xc6, 0x9c, 0xd9, 0xb3, 0x71, 0xde, 0xf9, 0x6b,
  0x31, 0x3a, 0x3a, 0x8e, 0x25, 0x8b, 0x16, 0x61, 0xdd, 0xda, 0xf3, 0x30,
  0x32, 0x36, 0x81, 0xd9, 0x73, 0xe6, 0xe0, 0xec, 0x35, 0x6b, 0x31, 0x3d,
  0x35, 0x8d, 0x85, 0xf3, 0xe7, 0xe0, 0xa2, 0x8b, 0x2e, 0xc0, 0xd8, 0xf8,
  0x14, 0x8a, 0x85, 0x02, 0xce, 0xbf, 0xe0, 0x25, 0x98, 0x9c, 0x9a, 0x42,
  0x5f, 0x6f, 0x2f, 0x2e, 0xb9, 0xe8, 0x25, 0x88, 0x63, 0x85, 0x58, 0x69,
  0xa4, 0x68, 0x25, 0x0c, 0x23, 0x32, 0x53, 0xd3, 0x98, 0x3d, 0x7f, 0x3e,
  0x5b, 0x24, 0x6b, 0x63, 0x5d, 0x41, 0x14, 0x27, 0x1c, 0x12, 0x45, 0x5a,
  0x69, 0xd2, 0x5a, 0x5b, 0x62, 0x9d, 0xd1, 0x59, 0x4c, 0x31, 0x45, 0xfb,
  0x42, 0x88, 0xe4, 0xa7, 0x11, 0x4b, 0x13, 0x42, 0xa0, 0xaf, 0xb7, 0x07,
  0xfd, 0xfd, 0x7d, 0x28, 0x94, 0xba, 0xa0, 0x99, 0x50, 0xec, 0xec, 0x44,
  0xb1, 0xa3, 0x0b, 0xf9, 0x42, 0x07, 0x8a, 0xa5, 0x4e, 0x94, 0x3a, 0xba,
  0xd0, 0xd9, 0xd9, 0x8d, 0xce, 0xae, 0x6e, 0x74, 0x75, 0xf7, 0xa0, 0xbb,
  0xbb, 0x07, 0x7d, 0xfd, 0x03, 0xe8, 0xec, 0xee, 0x46, 0x3e, 0x5f, 0xe0,
  0x5c, 0x2e, 0x67, 0x3c, 0xcf, 0xd5, 0x96, 0x2b, 0xc3, 0x8e, 0xd6, 0x46,
  0x86, 0x61, 0x20, 0x47, 0x87, 0x87, 0xe3, 0x63, 0xc7, 0x8e, 0xee, 0x3b,
  0x72, 0xf8, 0xe0, 0xd7, 0x4f, 0x1c, 0x3f, 0xf1, 0xbe, 0x13, 0xa3, 0x4f,
  0xbe, 0x6d, 0xe7, 0xf5, 0x5f, 0xff, 0xc2, 0xf8, 0xe8, 0xc8, 0x83, 0x53,
  0x23, 0x23, 0x95, 0x04, 0x94, 0xf0, 0x8f, 0xc4, 0xe4, 0xdd, 0xc2, 0x2c,
  0xb6, 0x26, 0x6a, 0x56, 0x9f, 0xf8, 0xc2, 0x8e, 0x4d, 0xc7, 0x0e, 0x3c,
  0xf5, 0xe9, 0xce, 0x52, 0x47, 0x2f, 0xc1, 0x44, 0x51, 0x14, 0x38, 0xf5,
  0x7a, 0x80, 0x89, 0xf1, 0x31, 0x54, 0xab, 0x35, 0x54, 0x6b, 0xb5, 0xe4,
  0x46, 0x7b, 0x71, 0xfa, 0xca, 0x15, 0x38, 0x7f, 0xed, 0x3a, 0x9c, 0xb7,
  0x66, 0x0d, 0x48, 0x48, 0x54, 0xaa, 0x75, 0x00, 0x69, 0xc1, 0x56, 0xa3,
  0x7d, 0xa5, 0x25, 0x4d, 0x59, 0xd7, 0x69, 0x72, 0xaa, 0x8c, 0x9c, 0xe7,
  0x21, 0x97, 0xf7, 0xa1, 0x82, 0x08, 0x70, 0x1c, 0xd4, 0x83, 0x3a, 0x8c,
  0xd6, 0xe8, 0xec, 0xe8, 0x40, 0xac, 0x94, 0xcd, 0x1c, 0x08, 0x81, 0x38,
  0x56, 0xb6, 0xc2, 0xd4, 0x91, 0x88, 0x63, 0x85, 0xb4, 0xe2, 0x34, 0x56,
  0x0a, 0x8e, 0x74, 0x00, 0x36, 0x88, 0x95, 0x82, 0x48, 0x83, 0x95, 0x86,
  0xe1, 0xfb, 0xae, 0x3d, 0x49, 0x54, 0x6c, 0x33, 0x0b, 0xda, 0xa6, 0x2c,
  0x7d, 0xdf, 0xd6, 0x7a, 0x28, 0x6d, 0x2c, 0x9d, 0x5a, 0xdb, 0x18, 0x95,
  0xe7, 0xb9, 0x88, 0xa2, 0x38, 0x79, 0xdf, 0xb1, 0x41, 0x5f, 0x50, 0xf2,
  0xfb, 0x0a, 0x4a, 0x69, 0xb8, 0xae, 0x83, 0x28, 0x56, 0x30, 0x9a, 0xe1,
  0xf9, 0x6e, 0x56, 0x7a, 0x20, 0x92, 0xfb, 0xaa, 0x54, 0x6b, 0xe8, 0x2c,
  0x95, 0x10, 0x87, 0x21, 0x1c, 0xc7, 0x41, 0xa5, 0x5e, 0x87, 0xeb, 0xba,
  0xf0, 0x7d, 0x0f, 0x46, 0x33, 0x5c, 0xd7, 0x32, 0x2b, 0xa3, 0x28, 0x82,
  0xef, 0x5b, 0xa6, 0x65, 0x18, 0x45, 0x20, 0xb2, 0xc1, 0xda, 0x30, 0x0c,
  0x21, 0xa5, 0x03, 0x29, 0x05, 0x54, 0xac, 0xe0, 0xb8, 0x0e, 0x7c, 0xcf,
  0x45, 0x18, 0x84, 0x20, 0x41, 0x90, 0xd2, 0x41, 0x10, 0x46, 0x16, 0xda,
  0xba, 0x2e, 0xa2, 0xc8, 0xa2, 0x54, 0xdf, 0xf7, 0x10, 0xc7, 0x56, 0x8c,
  0xc8, 0x4b, 0x5e, 0x2b, 0xa5, 0xe1, 0xe5, 0xfc, 0x54, 0x7d, 0x1e, 0xb9,
  0x9c, 0x0f, 0xa5, 0x14, 0x84, 0x24, 0xf8, 0xae, 0x87, 0x20, 0x0c, 0xb3,
  0xb2, 0x82, 0x4a, 0xb5, 0x0e, 0xc5, 0xa0, 0x48, 0x03, 0x51, 0x1c, 0x33,
  0x09, 0x89, 0x20, 0x8c, 0x30, 0x32, 0x3c, 0x84, 0xf2, 0x74, 0x19, 0x83,
  0x83, 0x27, 0x70, 0xf0, 0xa9, 0xa7, 0x30, 0x35, 0x31, 0x8a, 0xb1, 0xd1,
  0x61, 0x54, 0x2b, 0x15, 0x00, 0x8c, 0x9c, 0x9f, 0x43, 0x2e, 0x9f, 0x87,
  0xeb, 0xf9, 0xf0, 0x3c, 0x1f, 0x8e, 0x23, 0x13, 0x3f, 0x5f, 0x59, 0xf2,
  0x15, 0x9b, 0x2c, 0xad, 0x9a, 0x86, 0xf8, 0x95, 0x32, 0x0c, 0x66, 0x4a,
  0x37, 0x8d, 0x94, 0xd6, 0x4d, 0x9e, 0x3d, 0x67, 0x1e, 0xde, 0xf8, 0xc6,
  0xd7, 0x63, 0xf1, 0xc2, 0xf9, 0x49, 0x06, 0xce, 0x45, 0xce, 0xf7, 0x10,
  0x45, 0x51, 0x96, 0xf2, 0x4e, 0x33, 0x47, 0x82, 0x08, 0x5a, 0x2b, 0xfb,
  0xfc, 0x92, 0x67, 0x20, 0x1d, 0x09, 0x63, 0x6c, 0xdc, 0xcc, 0x75, 0x1d,
  0x80, 0xad, 0xcc, 0x81, 0xe3, 0xca, 0x24, 0x40, 0xae, 0xe1, 0x26, 0xf2,
  0x07, 0x56, 0x27, 0xc5, 0xb1, 0x44, 0x34, 0xad, 0xe1, 0x38, 0x36, 0x66,
  0xa3, 0xe2, 0x18, 0x8e, 0xeb, 0x42, 0x10, 0x21, 0x4a, 0xd6, 0x9c, 0x0d,
  0x96, 0xdb, 0xbf, 0x05, 0xec, 0xb3, 0x43, 0x96, 0x0c, 0xd0, 0x70, 0x5d,
  0x17, 0x20, 0x20, 0x0a, 0x6d, 0xac, 0x44, 0x08, 0x81, 0x89, 0xc9, 0x09,
  0x74, 0x14, 0x8b, 0x56, 0x6d, 0x3b, 0x8c, 0x58, 0x16, 0x0a, 0x18, 0x19,
  0x1d, 0x85, 0xeb, 0xba, 0x16, 0xbd, 0x25, 0x2d, 0x5d, 0x53, 0x8a, 0x46,
  0x53, 0xa0, 0x37, 0xab, 0x72, 0x96, 0x92, 0x40, 0x42, 0x66, 0x35, 0x45,
  0x69, 0x6a, 0x5f, 0x0a, 0xbb, 0xee, 0xe3, 0x28, 0xe6, 0x20, 0xa8, 0xa3,
  0x5c, 0xad, 0xd1, 0xb1, 0x13, 0xc3, 0x98, 0x98, 0x9c, 0x84, 0x61, 0x40,
  0xc5, 0x0a, 0x5a, 0x2b, 0xb0, 0xb1, 0x72, 0x9a, 0x2a, 0x56, 0x88, 0xa3,
  0x90, 0x99, 0xd9, 0x18, 0x10, 0xc7, 0x71, 0x4c, 0xda, 0xb0, 0x2b, 0xc9,
  0xce, 0x49, 0xad, 0x5a, 0x45, 0xad, 0x5e, 0x1f, 0xd2, 0x4a, 0xdd, 0xa3,
  0xb5, 0xba, 0xd1, 0x44, 0xd1, 0xee, 0x1d, 0x5f, 0xfa, 0xcc, 0x63, 0x68,
  0xd6, 0x23, 0xde, 0xb4, 0xc9, 0x02, 0x91, 0x1d, 0x3b, 0xcc, 0x73, 0x2d,
  0xe6, 0xa5, 0x19, 0xed, 0x29, 0x35, 0x36, 0x6d, 0x92, 0x7b, 0x3e, 0xf0,
  0x2f, 0x7f, 0xdf, 0xdd, 0x99, 0x7b, 0x47, 0xde, 0x71, 0xe1, 0xbb, 0x14,
  0x79, 0x2e, 0x9c, 0x9c, 0x6b, 0xe1, 0x0e, 0x03, 0x08, 0x22, 0xa0, 0x5e,
  0xaf, 0xc3, 0x30, 0xe0, 0x79, 0x3e, 0x84, 0x14, 0x08, 0xc3, 0x18, 0xd3,
  0xe5, 0x0a, 0x94, 0x8a, 0x6d, 0x96, 0x06, 0x60, 0xad, 0xad, 0x10, 0x0e,
  0x37, 0xd5, 0x9e, 0xd8, 0x0c, 0x8d, 0xc4, 0xf4, 0x74, 0x19, 0xae, 0x2b,
  0xe1, 0xfb, 0x5e, 0x16, 0x91, 0xaf, 0x07, 0x75, 0x68, 0xa5, 0x51, 0x28,
  0x96, 0xc0, 0x46, 0xb7, 0xf2, 0x37, 0x92, 0x74, 0x72, 0x9a, 0x45, 0x69,
  0xae, 0x05, 0x49, 0x8b, 0x71, 0x12, 0x0e, 0x3f, 0x04, 0x89, 0xc4, 0x67,
  0x4d, 0xb2, 0x1c, 0x4d, 0x29, 0x6a, 0x4b, 0x48, 0x4a, 0xb3, 0x1f, 0x0d,
  0xb6, 0xaf, 0xad, 0xf3, 0xa0, 0x16, 0x19, 0x07, 0x4a, 0xb2, 0x38, 0xf6,
  0x35, 0x35, 0xa8, 0xfb, 0x49, 0x0d, 0x12, 0xc0, 0x09, 0xb7, 0xc7, 0x66,
  0x72, 0x6a, 0xb5, 0x00, 0xc5, 0x42, 0x1e, 0xca, 0x18, 0x08, 0x00, 0x41,
  0x10, 0xc0, 0xcf, 0xf9, 0x70, 0x1c, 0x37, 0xc9, 0x48, 0x70, 0x92, 0xdd,
  0xa0, 0x24, 0xe8, 0x96, 0xd6, 0x0a, 0x35, 0x11, 0x0f, 0x99, 0xb3, 0xc2,
  0x3c, 0xcb, 0xa3, 0x30, 0x2d, 0xf7, 0x2c, 0x12, 0x06, 0x18, 0x67, 0xa2,
  0xce, 0x48, 0x7c, 0x6a, 0x91, 0x5d, 0xbf, 0x20, 0x6b, 0x80, 0x9b, 0x99,
  0xc8, 0x4a, 0x69, 0x18, 0xb6, 0xfc, 0x09, 0x6d, 0x18, 0x8a, 0x09, 0x51,
  0xac, 0x61, 0x40, 0xa8, 0x87, 0x11, 0x46, 0xc7, 0x26, 0x68, 0x72, 0x62,
  0x1c, 0x53, 0xe3, 0x23, 0x7c, 0xec, 0xe8, 0x51, 0x0c, 0x0f, 0x1e, 0x47,
  0xad, 0x3c, 0x89, 0x4a, 0xb9, 0x0c, 0x15, 0xc7, 0xf0, 0x73, 0x39, 0xb8,
  0x9e, 0x8b, 0x5c, 0x2e, 0x0f, 0xcf, 0xcf, 0x41, 0x08, 0x99, 0x9c, 0xac,
  0x48, 0x34, 0x4b, 0x54, 0x56, 0xb0, 0xe7, 0x38, 0x6e, 0x56, 0xf3, 0x95,
  0xcb, 0xe5, 0x40, 0xc2, 0xc2, 0x7b, 0xfb, 0xfc, 0x1c, 0x16, 0x52, 0x50,
  0x2e, 0x57, 0x48, 0x36, 0x92, 0x44, 0xb1, 0xab, 0x0b, 0x5d, 0xa5, 0x0e,
  0xcc, 0x1e, 0x98, 0x85, 0xfe, 0xbe, 0x5e, 0x48, 0x29, 0x11, 0x84, 0x21,
  0x6a, 0xb5, 0x00, 0xfd, 0xb3, 0xfa, 0x30, 0xd0, 0xdf, 0x07, 0xad, 0x55,
  0x0b, 0xed, 0x9d, 0x52, 0x92, 0x66, 0x42, 0x68, 0xcc, 0x4a, 0x17, 0x9a,
  0xa8, 0xf8, 0x29, 0x27, 0x29, 0x65, 0x77, 0x67, 0xd9, 0xa2, 0x24, 0xf3,
  0x95, 0xf2, 0x4c, 0x32, 0xc1, 0x6c, 0x6a, 0xad, 0x51, 0xcb, 0x48, 0x70,
  0xe9, 0xef, 0x18, 0x6e, 0x2c, 0x46, 0x5b, 0xd7, 0xd2, 0xf4, 0x99, 0x0d,
  0x92, 0xd6, 0xe4, 0xd4, 0x24, 0x4a, 0xd6, 0xc0, 0x64, 0xe5, 0x0e, 0x53,
  0x53, 0x93, 0xc9, 0x61, 0x93, 0xcb, 0x08, 0x79, 0x69, 0x80, 0x37, 0x2b,
  0x4b, 0xe1, 0x53, 0xb1, 0x8a, 0x6d, 0x96, 0x4f, 0x4a, 0x09, 0x21, 0x05,
  0xa4, 0x90, 0x10, 0x02, 0x9c, 0x1a, 0x8f, 0x20, 0x8a, 0xa8, 0x5a, 0x0f,
  0x31, 0x32, 0x32, 0x86, 0x4a, 0xb5, 0x8a, 0x38, 0x0a, 0x11, 0x45, 0x11,
  0xe2, 0x58, 0x99, 0x38, 0x8e, 0x38, 0x8e, 0x22, 0xd6, 0xda, 0x48, 0x00,
  0xd2, 0xc0, 0x20, 0xa8, 0x87, 0xa8, 0x56, 0x2b, 0x35, 0xad, 0xe2, 0x7d,
  0x51, 0x14, 0xdf, 0x1a, 0xc6, 0xc1, 0xae, 0x91, 0xd1, 0xc3, 0x7b, 0xef,
  0xb8, 0xf1, 0xc6, 0x91, 0x99, 0x1a, 0xc6, 0xd8, 0x01, 0xec, 0xd8, 0xb1,
  0xc9, 0x3c, 0x1f, 0xc1, 0x7c, 0x6a, 0xd6, 0x04, 0xbd, 0xf6, 0xae, 0xfd,
  0x4b, 0x96, 0xcc, 0x99, 0xfb, 0xf9, 0x81, 0xbe, 0xae, 0xf5, 0x41, 0x65,
  0x5a, 0x09, 0x30, 0x3c, 0x57, 0x0a, 0xdf, 0xb1, 0x29, 0x53, 0xcd, 0x36,
  0x6e, 0xa2, 0x94, 0x4a, 0xa2, 0xdd, 0x6c, 0xeb, 0x25, 0x12, 0x14, 0x90,
  0xd6, 0xb4, 0x64, 0x7d, 0xe5, 0x98, 0x5b, 0xf8, 0x12, 0x0c, 0x7b, 0x62,
  0x80, 0x08, 0x95, 0x72, 0x15, 0x79, 0xdf, 0x83, 0xeb, 0x79, 0x30, 0x46,
  0x43, 0x08, 0x89, 0x30, 0xb2, 0x75, 0x18, 0xb9, 0x5c, 0xae, 0x85, 0xe2,
  0x9f, 0x71, 0x58, 0x9a, 0xb8, 0x03, 0x86, 0x1b, 0x7d, 0x60, 0x92, 0x4d,
  0x46, 0x94, 0x34, 0xf2, 0x6e, 0xad, 0xe4, 0xa3, 0x16, 0xba, 0x7d, 0x56,
  0xbe, 0x9e, 0x1a, 0x18, 0x6e, 0x22, 0x8e, 0x65, 0xfd, 0x64, 0x9a, 0x69,
  0x0a, 0xad, 0x25, 0x01, 0x2d, 0xec, 0xff, 0x74, 0x41, 0x13, 0x21, 0x8e,
  0xac, 0x81, 0xed, 0xef, 0xef, 0x83, 0x56, 0x0a, 0x00, 0x61, 0x62, 0x62,
  0x12, 0xf9, 0x42, 0x1e, 0x85, 0x7c, 0x2e, 0x4b, 0x6b, 0xa3, 0x89, 0x58,
  0x97, 0x52, 0xc2, 0xd9, 0xd6, 0x16, 0x01, 0x60, 0x38, 0x49, 0x05, 0x6c,
  0x6a, 0x28, 0x1a, 0xdf, 0x4b, 0x59, 0xed, 0x8a, 0x49, 0x51, 0x01, 0x59,
  0xdd, 0x10, 0xab, 0xf9, 0x61, 0x8d, 0x9c, 0x56, 0x3a, 0x33, 0x4e, 0xc6,
  0x30, 0x48, 0x48, 0xc4, 0xda, 0x20, 0x66, 0x42, 0xac, 0x0d, 0xa2, 0x30,
  0x44, 0xad, 0x56, 0xc3, 0xf8, 0xd8, 0x18, 0x46, 0x86, 0x07, 0x31, 0x3e,
  0x32, 0x82, 0x91, 0xe1, 0x41, 0x0c, 0x9f, 0x38, 0x86, 0x6a, 0xb9, 0x6c,
  0xe7, 0x47, 0x08, 0xb8, 0xae, 0x8b, 0x9c, 0x9f, 0x83, 0xeb, 0x79, 0x70,
  0x5c, 0x0f, 0x42, 0x4a, 0x48, 0x21, 0x89, 0x92, 0x4a, 0x5e, 0x63, 0x74,
  0x42, 0x11, 0x37, 0x70, 0x1c, 0x69, 0x4f, 0x4d, 0x06, 0x7c, 0x3f, 0x8f,
  0xae, 0xee, 0x2e, 0x14, 0x4b, 0x9d, 0x10, 0xc2, 0x81, 0xe3, 0xb9, 0xf0,
  0x5c, 0x17, 0xda, 0x68, 0xa8, 0x28, 0xce, 0x10, 0x8e, 0x74, 0xa4, 0x8d,
  0xcb, 0xa9, 0x86, 0x24, 0x81, 0xe7, 0x3a, 0x28, 0x96, 0x8a, 0xe8, 0xee,
  0xea, 0x44, 0x21, 0x97, 0x43, 0xa9, 0xa3, 0x03, 0x4b, 0x16, 0x2f, 0x46,
  0xb1, 0x98, 0xcf, 0x52, 0xe7, 0xcd, 0x1b, 0x5f, 0x34, 0xcf, 0x67, 0xd2,
  0x48, 0xac, 0x39, 0x73, 0x49, 0x29, 0xab, 0x99, 0x9b, 0x88, 0x6d, 0x59,
  0xa1, 0x11, 0xb7, 0x14, 0x58, 0xcc, 0x78, 0x32, 0x49, 0x65, 0x32, 0xcf,
  0x28, 0xea, 0x4c, 0x85, 0x9d, 0xa8, 0xa9, 0x99, 0xbc, 0x3d, 0xd4, 0x89,
  0x1b, 0x41, 0x89, 0x4a, 0xb9, 0x82, 0x7c, 0x3e, 0x67, 0xd7, 0x58, 0x72,
  0x70, 0x95, 0xcb, 0x65, 0x38, 0x8e, 0x03, 0xcf, 0xf3, 0x6c, 0x6d, 0x51,
  0x42, 0x35, 0x48, 0x91, 0x8b, 0x69, 0x32, 0x34, 0xa9, 0xfc, 0x65, 0x73,
  0xc7, 0x00, 0x4a, 0x0e, 0x9e, 0x54, 0xc6, 0xc1, 0x24, 0x08, 0x2d, 0x56,
  0x0a, 0xb5, 0x7a, 0x80, 0x7a, 0x3d, 0x30, 0xf5, 0xa0, 0x6e, 0x82, 0x28,
  0x86, 0x8a, 0x22, 0xa9, 0xb5, 0x92, 0x46, 0x1b, 0x5b, 0x3a, 0x51, 0xaf,
  0xc5, 0x5a, 0xa9, 0x27, 0x82, 0x28, 0xba, 0x33, 0xa8, 0x55, 0x77, 0x4e,
  0x4f, 0x8f, 0xdf, 0x7d, 0xf3, 0x37, 0x76, 0x1c, 0x98, 0xd9, 0x71, 0x61,
  0xd7, 0x2e, 0x88, 0x0d, 0x1b, 0x60, 0xb6, 0x6d, 0xdb, 0xc6, 0x2f, 0x94,
  0xec, 0x08, 0xed, 0xdc, 0xc9, 0xce, 0xc6, 0x8d, 0xa4, 0xee, 0x78, 0x6c,
  0xfc, 0xd2, 0x59, 0xa5, 0xdc, 0x97, 0x8b, 0x39, 0x39, 0x5f, 0x47, 0xf5,
  0xc8, 0xf7, 0x5c, 0xc7, 0x91, 0x02, 0xcc, 0x1a, 0x43, 0x43, 0x23, 0x28,
  0x94, 0xba, 0x92, 0xb2, 0x71, 0x2b, 0xdd, 0xa7, 0xb5, 0x49, 0x36, 0xb9,
  0x9d, 0x10, 0xc1, 0x60, 0x93, 0x24, 0xf6, 0xb9, 0x85, 0xa0, 0xde, 0x30,
  0x04, 0x26, 0x59, 0x48, 0x8e, 0xeb, 0xe0, 0xe0, 0x81, 0x43, 0x70, 0x1c,
  0x89, 0x8e, 0x8e, 0x0e, 0x44, 0x51, 0x0c, 0x12, 0x84, 0xe9, 0xc9, 0x71,
  0xb8, 0x5e, 0x0e, 0x73, 0xe7, 0xce, 0x85, 0x52, 0xf1, 0x29, 0x48, 0x60,
  0x16, 0x01, 0x51, 0x86, 0x00, 0x92, 0xe8, 0x3a, 0x33, 0x94, 0x61, 0x72,
  0x1d, 0x87, 0x1d, 0x47, 0xb2, 0x61, 0x64, 0x75, 0x4d, 0x09, 0xc3, 0x6f,
  0x46, 0x45, 0x34, 0x9d, 0x5c, 0xd2, 0xd7, 0x84, 0xb4, 0x9e, 0x89, 0xb4,
  0x39, 0xd3, 0xc0, 0xd8, 0x22, 0x40, 0x81, 0x28, 0x8a, 0xf0, 0xc0, 0x83,
  0x0f, 0xa3, 0x90, 0xf7, 0x32, 0xa1, 0x9f, 0xc9, 0xa9, 0x69, 0x9c, 0xbe,
  0xf2, 0x74, 0x74, 0x76, 0x76, 0xa0, 0x59, 0x14, 0x55, 0x10, 0x59, 0xb2,
  0x59, 0x18, 0x03, 0xc4, 0x5c, 0xc8, 0xfb, 0xf0, 0x1c, 0x87, 0x84, 0x10,
  0xd0, 0x0c, 0x48, 0x21, 0x13, 0x1d, 0x56, 0x8b, 0x38, 0x1c, 0x47, 0x42,
  0x10, 0xa0, 0x0c, 0x23, 0x56, 0x96, 0xea, 0xcd, 0x09, 0x97, 0x05, 0x60,
  0x54, 0xeb, 0x01, 0xa2, 0xd8, 0xc2, 0xe2, 0xee, 0x8e, 0x12, 0xa4, 0xe7,
  0x23, 0x88, 0x0d, 0x7c, 0x47, 0x62, 0x7c, 0x6c, 0x14, 0x63, 0x13, 0x13,
  0x38, 0x78, 0xe8, 0x08, 0xc6, 0x87, 0x87, 0x30, 0x39, 0x31, 0x82, 0x89,
  0xf1, 0x31, 0x04, 0xd5, 0x0a, 0xa2, 0xc8, 0x12, 0x30, 0x1d, 0xc7, 0x85,
  0x74, 0x24, 0x3c, 0xd7, 0x87, 0xeb, 0xb9, 0xd6, 0x7d, 0x48, 0x38, 0x36,
  0x52, 0x4a, 0x62, 0x06, 0x8c, 0xd1, 0x9c, 0x01, 0x84, 0xa4, 0x39, 0xa9,
  0x31, 0x0d, 0x5e, 0x93, 0x36, 0xa6, 0x41, 0x47, 0x4c, 0x1a, 0xaf, 0x4b,
  0x29, 0x10, 0x04, 0x21, 0x98, 0x81, 0x59, 0xb3, 0x66, 0x61, 0xce, 0x9c,
  0x79, 0xf0, 0x7c, 0x0f, 0x9e, 0x23, 0x13, 0xf7, 0xc3, 0x22, 0xad, 0x7c,
  0x3e, 0x8f, 0x62, 0xb1, 0x88, 0x52, 0xc9, 0x72, 0x60, 0x8a, 0xc5, 0x42,
  0x12, 0xb7, 0xb1, 0x86, 0x5b, 0x69, 0x9d, 0x1d, 0x0a, 0x2d, 0x95, 0xe6,
  0x74, 0xb2, 0x16, 0xcc, 0x29, 0xaa, 0x47, 0x5b, 0x2b, 0xb9, 0x5b, 0x57,
  0x66, 0x5a, 0x71, 0xde, 0x50, 0xa3, 0x6b, 0x42, 0x44, 0x8d, 0x02, 0xc1,
  0x93, 0xdd, 0x98, 0x74, 0xfd, 0x35, 0xb8, 0x8b, 0x8d, 0x6b, 0x78, 0xea,
  0xa9, 0x27, 0xd1, 0xdf, 0xd7, 0x07, 0xd7, 0x75, 0x10, 0x46, 0x31, 0x20,
  0x08, 0x27, 0x4e, 0x0c, 0xa1, 0x6f, 0x56, 0x2f, 0x3a, 0x4a, 0x25, 0xc4,
  0xb1, 0xce, 0xbe, 0xdb, 0x98, 0xb4, 0x3b, 0x63, 0x03, 0xd1, 0x98, 0x94,
  0x81, 0x9c, 0x1e, 0x3e, 0xc9, 0x21, 0xae, 0x13, 0x55, 0xbb, 0x38, 0xd6,
  0x88, 0xe2, 0x98, 0xb5, 0xd2, 0x46, 0x6b, 0xc5, 0x51, 0x14, 0x8a, 0x30,
  0x8c, 0x1c, 0x6d, 0x34, 0xa2, 0x58, 0xa1, 0x5a, 0xa9, 0x20, 0x0c, 0x6a,
  0x07, 0x95, 0xd2, 0xf7, 0x46, 0x41, 0xb4, 0xb3, 0x16, 0xd5, 0xee, 0xfc,
  0xc6, 0x57, 0x3e, 0xb7, 0x1f, 0x40, 0x3c, 0x53, 0xe1, 0x60, 0x60, 0xdf,
  0x3e, 0xde, 0xf1, 0x23, 0xb8, 0x3e, 0xcf, 0x09, 0xc1, 0xdc, 0xf7, 0xe4,
  0xe4, 0xe5, 0x9d, 0x25, 0xff, 0xeb, 0x39, 0x81, 0x82, 0x14, 0x26, 0x72,
  0x1c, 0x72, 0x8c, 0x01, 0x62, 0xa5, 0x50, 0x0f, 0x22, 0xdc, 0xf7, 0xe0,
  0x23, 0x38, 0x7d, 0xd9, 0x52, 0xe4, 0x7c, 0x0f, 0x2a, 0x69, 0xb2, 0x6d,
  0xd8, 0x34, 0x60, 0x23, 0x9a, 0xfa, 0xb2, 0x34, 0x49, 0xf7, 0x35, 0xac,
  0x7c, 0x53, 0xef, 0x16, 0xc3, 0x70, 0x5c, 0x17, 0xa3, 0xa3, 0x23, 0x78,
  0xe2, 0x07, 0x4f, 0xc0, 0x91, 0x6e, 0x46, 0x1a, 0x63, 0xa3, 0xb1, 0xf4,
  0xb4, 0x65, 0xe8, 0xee, 0xea, 0xb4, 0x75, 0x5d, 0x89, 0xaa, 0x41, 0x43,
  0x6a, 0xa0, 0x01, 0x25, 0x9b, 0xbf, 0x3b, 0xad, 0xc3, 0x10, 0x52, 0x36,
  0x19, 0x23, 0xd3, 0x44, 0x81, 0x6f, 0x25, 0xcc, 0x53, 0x86, 0x0c, 0xb8,
  0x21, 0xf3, 0xd0, 0x84, 0x62, 0xd0, 0x62, 0x68, 0x28, 0x15, 0xa0, 0xc8,
  0x24, 0x16, 0xb2, 0x7b, 0x33, 0x8d, 0x82, 0x42, 0x4b, 0xf4, 0xb3, 0xa7,
  0xb4, 0x90, 0x12, 0x04, 0x86, 0x10, 0x12, 0x94, 0xb8, 0x6b, 0xd2, 0x75,
  0xd8, 0xfa, 0xf0, 0x31, 0x45, 0x71, 0x0c, 0xd7, 0x75, 0x78, 0x56, 0x6f,
  0x17, 0x15, 0x0a, 0x79, 0x4c, 0x95, 0x6b, 0x98, 0xaa, 0xd4, 0x31, 0x31,
  0x5d, 0xc1, 0xe8, 0xc4, 0x24, 0xa6, 0xca, 0x75, 0x00, 0x02, 0x5d, 0x1d,
  0x05, 0x0c, 0xcc, 0xea, 0x41, 0x7f, 0x6f, 0x37, 0x8a, 0x85, 0x3c, 0x48,
  0x08, 0x48, 0x21, 0xe0, 0x39, 0xc2, 0x72, 0x72, 0x8c, 0x46, 0x18, 0x29,
  0x04, 0x51, 0x04, 0x30, 0x90, 0xf7, 0x5d, 0x1c, 0x38, 0x70, 0x10, 0xfb,
  0xbe, 0xff, 0x04, 0x9e, 0x7a, 0xea, 0x00, 0xa6, 0xa6, 0x2b, 0x18, 0x1b,
  0x3d, 0x81, 0xd1, 0xe1, 0x21, 0x18, 0xa3, 0x91, 0xcb, 0xe5, 0xe1, 0xfb,
  0x39, 0x78, 0xbe, 0x07, 0x29, 0xac, 0x11, 0x49, 0x8b, 0x6e, 0x08, 0x96,
  0x50, 0x96, 0x76, 0xf7, 0x4b, 0x84, 0x67, 0x2c, 0x49, 0xcb, 0xb1, 0xf7,
  0x63, 0xd9, 0xb0, 0x56, 0x83, 0x34, 0x25, 0xe2, 0x49, 0xc7, 0x81, 0x8e,
  0x6d, 0xd0, 0xd2, 0xba, 0x6f, 0x6c, 0x03, 0x98, 0xb1, 0x45, 0x2b, 0xcb,
  0x96, 0x2d, 0xc3, 0x2b, 0x2f, 0xdf, 0x88, 0x55, 0x67, 0x9c, 0x0e, 0xcf,
  0xcf, 0x63, 0x62, 0xaa, 0x8c, 0x30, 0x8c, 0x13, 0x3d, 0x1a, 0xeb, 0x3a,
  0x59, 0x12, 0xa5, 0x86, 0xd1, 0xc9, 0xe9, 0x6c, 0x6c, 0x6d, 0x8d, 0x25,
  0xae, 0x09, 0x0b, 0x19, 0x52, 0xd7, 0xb4, 0x99, 0xb1, 0x9c, 0x3e, 0xaf,
  0x04, 0xc1, 0x93, 0x90, 0x6c, 0x25, 0x66, 0x1b, 0x45, 0x9b, 0x84, 0x53,
  0x19, 0xa1, 0x26, 0xf4, 0x9b, 0xa2, 0xd9, 0x66, 0x7e, 0x2e, 0x37, 0x9f,
  0x24, 0xad, 0xac, 0xe9, 0x0c, 0x7d, 0x30, 0xa7, 0x7e, 0x32, 0xa1, 0x89,
  0x67, 0x22, 0xa5, 0xc4, 0xe3, 0x3f, 0x78, 0x1c, 0x63, 0x23, 0x23, 0x70,
  0x5c, 0x2f, 0xfb, 0x3e, 0xad, 0x19, 0xcb, 0x56, 0xac, 0x84, 0xe3, 0x3a,
  0xf6, 0x70, 0xd6, 0xda, 0x1e, 0x98, 0xa6, 0x91, 0xb2, 0xb6, 0x02, 0x53,
  0x26, 0x31, 0x30, 0x3a, 0x33, 0x3e, 0x51, 0x1c, 0x23, 0x0a, 0x23, 0xa3,
  0x94, 0x32, 0x86, 0x19, 0x5a, 0x1b, 0xd2, 0xc6, 0xb8, 0xda, 0x30, 0xe2,
  0x38, 0x42, 0x50, 0xab, 0x22, 0x56, 0xf1, 0x81, 0x28, 0x0c, 0xf7, 0x04,
  0x61, 0x70, 0xbb, 0xae, 0x87, 0x7b, 0x1e, 0x7b, 0xf4, 0xc0, 0x43, 0x0f,
  0x3d, 0x74, 0x73, 0x75, 0xa6, 0x94, 0x28, 0xb0, 0x03, 0xab, 0x56, 0xad,
  0xe2, 0xe7, 0x23, 0xc1, 0xf0, 0x9c, 0x0c, 0xcc, 0x83, 0x07, 0x46, 0x2f,
  0xea, 0x2c, 0x14, 0xbe, 0x5d, 0xf0, 0x45, 0x27, 0x81, 0x63, 0x36, 0x2c,
  0xab, 0xf5, 0x3a, 0x94, 0x4a, 0xb4, 0x53, 0x98, 0xe1, 0xf9, 0x1e, 0xea,
  0xb5, 0x5a, 0xc3, 0xd2, 0x26, 0xc6, 0x25, 0x8d, 0x05, 0xb4, 0x1a, 0x11,
  0x93, 0x3d, 0xff, 0x74, 0x91, 0x34, 0xbb, 0x1e, 0xa9, 0x21, 0x92, 0xd2,
  0xc6, 0x15, 0x74, 0x62, 0xcd, 0x53, 0xed, 0x0f, 0x5b, 0xa6, 0x6e, 0x20,
  0x1c, 0x87, 0x33, 0x98, 0x6b, 0x0c, 0x35, 0xf3, 0xd3, 0xb3, 0x9a, 0xb9,
  0x84, 0xf1, 0x78, 0x72, 0x5d, 0x12, 0x00, 0x4e, 0x19, 0x96, 0x02, 0x10,
  0xc4, 0xac, 0x4d, 0x43, 0xa6, 0x61, 0x06, 0xec, 0x6d, 0x65, 0xbe, 0x9b,
  0x96, 0x42, 0x3e, 0xb6, 0x31, 0x1d, 0x4e, 0x17, 0x2b, 0x1b, 0x43, 0xad,
  0xc2, 0x2a, 0x27, 0x17, 0x0d, 0x36, 0x16, 0x31, 0x59, 0xe5, 0x77, 0x63,
  0x48, 0x1b, 0x9d, 0x9c, 0x96, 0x12, 0x85, 0x62, 0x09, 0xa7, 0x2d, 0x99,
  0x0f, 0x18, 0x8d, 0x3d, 0x0f, 0x7e, 0x1f, 0x47, 0x87, 0x46, 0x51, 0xae,
  0x2b, 0xc8, 0x5c, 0x01, 0xc5, 0xbc, 0x83, 0xa5, 0x0b, 0xe6, 0x62, 0x4e,
  0xff, 0x2c, 0xf4, 0x74, 0x14, 0xe0, 0x08, 0x20, 0x8e, 0x63, 0x84, 0x61,
  0x64, 0x83, 0x99, 0x49, 0x60, 0x34, 0x59, 0x68, 0xd0, 0x49, 0x71, 0x9d,
  0x9b, 0x68, 0xe8, 0x4c, 0x97, 0x6b, 0x98, 0x9c, 0x9a, 0xc2, 0xf8, 0xe8,
  0x30, 0x0e, 0x1f, 0x39, 0x8a, 0x83, 0x87, 0x8e, 0x60, 0x7a, 0x7a, 0x0a,
  0x51, 0x14, 0x59, 0xdf, 0x3c, 0x8a, 0x11, 0xc7, 0x51, 0xe2, 0x9a, 0x98,
  0x86, 0xcb, 0x98, 0xc4, 0xa7, 0x5a, 0xe4, 0x44, 0x6d, 0x59, 0x3f, 0xa4,
  0xe3, 0x58, 0x94, 0x63, 0x83, 0xe8, 0x14, 0x45, 0xa1, 0xd5, 0x20, 0x61,
  0x9d, 0x6d, 0x14, 0x47, 0xda, 0x18, 0x10, 0x25, 0xac, 0x63, 0xc7, 0xf3,
  0xe1, 0xfb, 0x3e, 0xce, 0x39, 0xe7, 0x5c, 0xbc, 0xec, 0x92, 0x8b, 0xd1,
  0x59, 0x2a, 0xa0, 0xb3, 0xa3, 0x00, 0xe9, 0x7a, 0x5c, 0x0f, 0x62, 0x54,
  0x6b, 0x35, 0x9a, 0x9a, 0x9a, 0x46, 0x50, 0xaf, 0x03, 0xc6, 0x06, 0x69,
  0x1d, 0x27, 0x91, 0x17, 0x60, 0xd3, 0xa8, 0x42, 0x10, 0x04, 0x99, 0x18,
  0x0e, 0x34, 0xc5, 0xe2, 0xb8, 0x49, 0xeb, 0x84, 0x13, 0x59, 0x8c, 0xac,
  0x4a, 0x3b, 0x45, 0xaf, 0xa7, 0xd4, 0xd3, 0xb1, 0xd5, 0xa8, 0xc6, 0x18,
  0x4a, 0xef, 0x3b, 0x3d, 0x14, 0x49, 0x88, 0x66, 0x89, 0x10, 0x22, 0x21,
  0xb2, 0x75, 0x93, 0xae, 0x67, 0x3e, 0xa9, 0xd9, 0x19, 0x23, 0x15, 0xb4,
  0x4a, 0xe3, 0x2a, 0x52, 0x3a, 0xd0, 0x4a, 0x59, 0xa4, 0xc2, 0x26, 0x09,
  0xe4, 0x52, 0x56, 0xf1, 0x9c, 0xd6, 0xa8, 0xa5, 0xae, 0x8e, 0x49, 0x8c,
  0x8b, 0xd2, 0x2a, 0x09, 0x39, 0x18, 0x68, 0xa3, 0x8d, 0x52, 0x8a, 0x95,
  0x31, 0xcc, 0x5a, 0x0b, 0x18, 0xed, 0x18, 0xd8, 0x4c, 0x64, 0x3d, 0x08,
  0x10, 0x47, 0xd1, 0x09, 0xa5, 0xd4, 0xbd, 0x61, 0x14, 0xdc, 0x5e, 0x2b,
  0x57, 0xef, 0xfa, 0xc1, 0xc8, 0x53, 0x0f, 0x3c, 0x74, 0xf3, 0x4c, 0x83,
  0xb2, 0x49, 0x0e, 0x0f, 0xaf, 0xa2, 0x17, 0xda, 0xed, 0x79, 0x4e, 0x06,
  0xe6, 0xf1, 0x23, 0xe3, 0xf7, 0x76, 0x14, 0x0b, 0xeb, 0xea, 0xf5, 0x6a,
  0xac, 0x94, 0x91, 0xb1, 0x52, 0x88, 0xc2, 0x28, 0xb3, 0xa4, 0x3a, 0x8e,
  0x71, 0xe0, 0x07, 0x8f, 0x63, 0xc9, 0xb2, 0x15, 0x20, 0x29, 0x70, 0xd2,
  0x46, 0x67, 0xbb, 0xc8, 0x1b, 0x81, 0xaa, 0x86, 0xb2, 0x39, 0x9a, 0x60,
  0x64, 0xa3, 0x90, 0x2f, 0x79, 0x28, 0xc9, 0xe4, 0xa6, 0xf0, 0x32, 0x0d,
  0x98, 0x51, 0x52, 0x39, 0x6a, 0x09, 0xd6, 0x00, 0x59, 0x49, 0x87, 0x2c,
  0x66, 0x62, 0x9a, 0xd0, 0x51, 0xfa, 0x50, 0x5b, 0x2b, 0x7c, 0xb9, 0xe5,
  0xe4, 0x69, 0x92, 0x8e, 0x69, 0x29, 0x7a, 0x6b, 0x0e, 0xe2, 0xa6, 0x6e,
  0x0b, 0x27, 0xa7, 0x36, 0x37, 0x09, 0x36, 0x25, 0x88, 0xa7, 0xb5, 0xec,
  0x87, 0x0d, 0xcd, 0xac, 0x58, 0xce, 0xe2, 0x3c, 0xdc, 0x88, 0xf1, 0x80,
  0x84, 0x15, 0x1a, 0xb2, 0x42, 0xaa, 0xe8, 0x28, 0x15, 0xb1, 0x62, 0xf9,
  0x62, 0xcc, 0xea, 0xed, 0xc6, 0x93, 0x87, 0x07, 0x71, 0xfb, 0xf7, 0x1e,
  0x41, 0x77, 0x4f, 0x2f, 0x16, 0x2e, 0x98, 0x9b, 0x6c, 0x50, 0x01, 0x63,
  0x34, 0x8a, 0x39, 0x1f, 0xae, 0x23, 0x92, 0x0e, 0x7e, 0x3a, 0x63, 0x6e,
  0xa6, 0x55, 0xcd, 0x5a, 0x6b, 0x84, 0x61, 0x64, 0xe7, 0x56, 0xdb, 0xb8,
  0x55, 0x14, 0xc5, 0xa8, 0xd6, 0x6a, 0xf0, 0x3c, 0x17, 0x9e, 0xe7, 0x02,
  0x0c, 0x48, 0xe9, 0x60, 0x6a, 0x6a, 0x02, 0x83, 0x83, 0x43, 0x18, 0x9b,
  0x9c, 0x42, 0xa5, 0x5c, 0x45, 0xac, 0x34, 0x8c, 0x56, 0x8d, 0x00, 0x37,
  0xb7, 0x9e, 0x9a, 0x36, 0x03, 0xa5, 0xac, 0xdb, 0x2b, 0x04, 0xc0, 0x06,
  0xb5, 0x5a, 0x15, 0xe5, 0x72, 0x19, 0x60, 0x46, 0x57, 0x4f, 0x2f, 0x3a,
  0x3a, 0xbb, 0xe0, 0xfb, 0x3e, 0x84, 0x70, 0x92, 0x6b, 0x4e, 0x9b, 0xad,
  0x5b, 0x01, 0x25, 0x82, 0x45, 0x93, 0x24, 0x24, 0x88, 0x00, 0xd7, 0xcb,
  0x23, 0x5f, 0xc8, 0xc1, 0x73, 0x24, 0x7c, 0xd7, 0x41, 0x47, 0xa9, 0x88,
  0x2b, 0xaf, 0x58, 0x8f, 0xae, 0xee, 0x1e, 0x8c, 0x8c, 0x4c, 0x60, 0x6c,
  0x7c, 0x1c, 0xe3, 0xe3, 0xe3, 0x08, 0x83, 0xc0, 0xba, 0x97, 0xc9, 0x3a,
  0x4b, 0x81, 0x66, 0x26, 0x1f, 0x68, 0x27, 0x9a, 0x53, 0x23, 0xdf, 0x54,
  0x8d, 0xcd, 0x69, 0x09, 0x43, 0x23, 0x29, 0x60, 0xa8, 0xd9, 0xe0, 0x67,
  0xa0, 0x87, 0xd9, 0xae, 0xad, 0x44, 0x63, 0x26, 0xfd, 0xbd, 0xd4, 0x99,
  0xb2, 0xb0, 0xd9, 0x24, 0x7a, 0x2b, 0xc4, 0x96, 0x64, 0xd0, 0x1c, 0xf7,
  0x4b, 0x84, 0x19, 0x74, 0x4a, 0xe7, 0x37, 0x96, 0x38, 0xc7, 0x4d, 0x87,
  0x6f, 0xc2, 0x92, 0xb5, 0xad, 0x46, 0x74, 0x23, 0x5e, 0x69, 0x0c, 0x74,
  0x12, 0x0c, 0xd7, 0x99, 0x14, 0xa6, 0x86, 0x52, 0x8a, 0x95, 0xd6, 0x6c,
  0x8c, 0x36, 0x46, 0x69, 0x66, 0x82, 0x04, 0xb3, 0x43, 0x64, 0xb3, 0x72,
  0x41, 0x50, 0x47, 0x18, 0x85, 0xc7, 0x8d, 0xd2, 0xf7, 0x29, 0x15, 0x7f,
  0xaf, 0x56, 0x09, 0xee, 0xac, 0x4d, 0x8c, 0xdf, 0x7f, 0xfd, 0xf5, 0xff,
  0x39, 0x71, 0x92, 0x41, 0x59, 0xb5, 0x8a, 0x7e, 0xdc, 0x6e, 0xcf, 0x73,
  0x32, 0x30, 0xbb, 0xef, 0x7e, 0x74, 0x24, 0xe7, 0xbb, 0xbd, 0x4a, 0x6b,
  0x4d, 0xcc, 0x12, 0x94, 0x68, 0x81, 0x5a, 0xc5, 0x40, 0x44, 0x61, 0x84,
  0x13, 0x27, 0x06, 0xb1, 0x60, 0xfe, 0x7c, 0x48, 0x47, 0x9c, 0xa2, 0x8a,
  0x34, 0xd9, 0xe4, 0xc9, 0xe6, 0x4f, 0x2d, 0x7c, 0x0a, 0xfd, 0xa4, 0x48,
  0x03, 0x66, 0x0d, 0xb4, 0x93, 0x46, 0xdc, 0x4d, 0xfa, 0x37, 0x86, 0xb3,
  0x26, 0x52, 0x33, 0x94, 0xd9, 0x5b, 0x02, 0x77, 0xe9, 0x6f, 0x98, 0x86,
  0x2f, 0xcc, 0xcd, 0x9b, 0xcf, 0xa2, 0x65, 0x7b, 0x32, 0xf1, 0xcc, 0x12,
  0xfb, 0xe6, 0x58, 0x4c, 0x12, 0x20, 0xa4, 0xa6, 0xec, 0x43, 0x73, 0x0d,
  0x4e, 0xa3, 0xd4, 0x81, 0x9b, 0xca, 0x1c, 0x39, 0xad, 0xba, 0x87, 0xb0,
  0x45, 0xfa, 0xad, 0x50, 0xba, 0xa9, 0x50, 0x90, 0x00, 0x44, 0x5a, 0x31,
  0x40, 0x28, 0xe4, 0x7c, 0xea, 0xee, 0x28, 0xc1, 0x71, 0x5d, 0x9c, 0xb6,
  0x74, 0x11, 0x98, 0x81, 0x87, 0x1e, 0x3f, 0x8c, 0xdb, 0xf6, 0x3c, 0x8c,
  0xcb, 0x2e, 0x5e, 0x8b, 0x33, 0x97, 0x2f, 0x47, 0xb5, 0x56, 0x85, 0x4c,
  0xf4, 0xaa, 0x84, 0xb0, 0xf1, 0x99, 0xcc, 0x50, 0x35, 0xc5, 0x16, 0x92,
  0x69, 0x86, 0xd2, 0x1a, 0x92, 0x6c, 0xd1, 0x28, 0x25, 0xf0, 0xdb, 0x18,
  0x85, 0x4a, 0xb5, 0x06, 0x1d, 0xc7, 0x10, 0xc4, 0x18, 0x9f, 0x98, 0x42,
  0x14, 0x87, 0x28, 0xe4, 0x72, 0x18, 0x1b, 0x1b, 0xc7, 0xc8, 0xc4, 0x14,
  0xc6, 0x27, 0x26, 0x11, 0xc7, 0x21, 0x74, 0xac, 0x33, 0x57, 0x44, 0xa9,
  0xd4, 0xbf, 0x8f, 0xb3, 0xac, 0x8a, 0x94, 0x0e, 0xd8, 0x18, 0x0c, 0x0f,
  0x9d, 0xc0, 0xd8, 0xc8, 0x10, 0x94, 0x56, 0x70, 0xa4, 0x4c, 0x14, 0xfc,
  0x6c, 0x90, 0xd6, 0x18, 0x03, 0x47, 0x4a, 0x74, 0x74, 0x76, 0x93, 0x9f,
  0xf3, 0x39, 0x4d, 0xb5, 0x83, 0x08, 0xbe, 0xe7, 0x21, 0x97, 0xcf, 0xdb,
  0x94, 0xb2, 0x20, 0x74, 0x75, 0x76, 0xa1, 0xa7, 0xbb, 0x0b, 0xbd, 0x7d,
  0x7d, 0x58, 0xbc, 0x78, 0x11, 0x16, 0x2d, 0x5c, 0x80, 0x9e, 0x9e, 0xee,
  0x64, 0xd3, 0x31, 0x34, 0xac, 0x02, 0xdc, 0xf0, 0xf0, 0x08, 0x06, 0x07,
  0x07, 0x51, 0xad, 0xd6, 0x92, 0x6c, 0x94, 0x93, 0x78, 0x21, 0xe9, 0xa1,
  0x83, 0x44, 0xc8, 0x32, 0x29, 0xe4, 0x21, 0x2b, 0xcf, 0x29, 0xac, 0xa5,
  0x4c, 0xc5, 0x53, 0x1b, 0x40, 0x25, 0x2d, 0xf6, 0x69, 0xd6, 0x11, 0x23,
  0xb2, 0x9a, 0x66, 0xd4, 0x10, 0xd4, 0x38, 0x05, 0xdc, 0xb1, 0x6b, 0x32,
  0x81, 0xa1, 0xcd, 0x09, 0x80, 0xd4, 0x35, 0xb7, 0x7a, 0x2c, 0x0d, 0xe3,
  0x9c, 0x21, 0x19, 0x93, 0xca, 0x25, 0xe8, 0x2c, 0x20, 0x6b, 0x7f, 0x57,
  0xb1, 0x36, 0x86, 0xac, 0x7e, 0x4b, 0xcc, 0xc6, 0xb0, 0x31, 0x6c, 0xd8,
  0x68, 0x4d, 0xcc, 0xec, 0x90, 0x20, 0x62, 0x26, 0x68, 0xa5, 0x11, 0x84,
  0x75, 0xe8, 0x58, 0x1f, 0xd4, 0x5a, 0xdd, 0xa7, 0x94, 0xba, 0x5b, 0xc5,
  0xf1, 0x5d, 0x23, 0x47, 0x4e, 0x3c, 0x7c, 0xcb, 0x2d, 0x3b, 0xa6, 0x4e,
  0x0a, 0xcc, 0x02, 0xe2, 0x67, 0xc9, 0xa0, 0x9c, 0x64, 0x60, 0xbe, 0xb0,
  0xe3, 0xdb, 0x7f, 0xe4, 0x78, 0xee, 0x35, 0x8e, 0x20, 0x38, 0xae, 0x0c,
  0x25, 0x09, 0xc7, 0x18, 0x43, 0xae, 0x23, 0xb3, 0x93, 0xdd, 0x16, 0xe7,
  0x35, 0xfc, 0xe2, 0x99, 0x05, 0xba, 0xcd, 0x5a, 0x18, 0x19, 0x6c, 0x4c,
  0xa2, 0xdc, 0x32, 0xc9, 0x68, 0xa4, 0x32, 0x94, 0x8d, 0x38, 0x4d, 0xd3,
  0x43, 0x33, 0x0c, 0x65, 0x0c, 0x6b, 0x95, 0xa5, 0xfc, 0x48, 0x10, 0xb2,
  0xcf, 0x69, 0x91, 0x6a, 0x49, 0x8a, 0xfe, 0x1a, 0xff, 0x46, 0x99, 0x32,
  0x52, 0xa3, 0xc8, 0x32, 0x6b, 0x87, 0x99, 0x19, 0x34, 0xad, 0xad, 0x71,
  0x90, 0x42, 0x50, 0x1c, 0x87, 0x90, 0xd2, 0xc6, 0x47, 0xe2, 0x38, 0x86,
  0x14, 0x12, 0x51, 0x1c, 0xc1, 0xf7, 0xfd, 0x46, 0x5e, 0x21, 0x45, 0x34,
  0xda, 0x70, 0x6a, 0x70, 0xd2, 0xf7, 0xa5, 0x20, 0xb2, 0x81, 0xe6, 0x26,
  0xf1, 0xab, 0x6c, 0x61, 0xda, 0xc5, 0xe5, 0x7b, 0x39, 0xee, 0xee, 0xee,
  0x40, 0x67, 0x47, 0x07, 0x08, 0xa0, 0x59, 0xfd, 0x7d, 0x98, 0xd5, 0xd7,
  0x83, 0x1f, 0x3c, 0x75, 0x08, 0xff, 0xf5, 0xcd, 0xdb, 0xf8, 0xc0, 0xa1,
  0x23, 0xf4, 0x1b, 0x6f, 0x7e, 0x1d, 0x5e, 0xfa, 0x92, 0x75, 0xb0, 0x1a,
  0xaa, 0x4e, 0x12, 0xff, 0x10, 0x59, 0xb6, 0xa8, 0xa1, 0x0c, 0x91, 0x9e,
  0x8e, 0xf6, 0x1d, 0xa5, 0x74, 0x16, 0xef, 0x50, 0x89, 0xee, 0x47, 0x3a,
  0xbf, 0x4a, 0x69, 0x74, 0x74, 0x76, 0xe3, 0x5f, 0xfe, 0xf9, 0x53, 0xf8,
  0xd6, 0x37, 0xbe, 0x8e, 0xdf, 0xff, 0xbf, 0x7f, 0x8c, 0xb3, 0xcf, 0x3e,
  0x0b, 0x53, 0x53, 0xd3, 0x98, 0x9c, 0x2a, 0x63, 0x74, 0x6c, 0x1c, 0x95,
  0x6a, 0x15, 0x61, 0xac, 0x10, 0x45, 0xd6, 0xed, 0x82, 0x31, 0x49, 0x89,
  0xa0, 0x20, 0x08, 0x81, 0xf1, 0xe1, 0x41, 0x0c, 0x1d, 0x3f, 0x02, 0xad,
  0x35, 0x0a, 0xc5, 0x62, 0x56, 0xd4, 0x67, 0x8d, 0x88, 0x80, 0xe3, 0x08,
  0x6b, 0x84, 0xd8, 0x20, 0x8e, 0xe3, 0x84, 0xae, 0xe0, 0xc1, 0xf7, 0x3c,
  0xb8, 0x9e, 0xad, 0xea, 0x1d, 0x18, 0x98, 0xc3, 0x3d, 0x3d, 0x3d, 0x38,
  0xfd, 0xf4, 0x65, 0xb4, 0xe6, 0xec, 0xd5, 0x28, 0x95, 0x4a, 0x30, 0x9c,
  0x40, 0xfc, 0xd0, 0xba, 0x6b, 0x29, 0x6a, 0x6a, 0xee, 0xad, 0x1c, 0x45,
  0x21, 0x46, 0x46, 0x46, 0x71, 0xf8, 0xc8, 0x51, 0x54, 0xaa, 0x35, 0xe4,
  0x72, 0x7e, 0x82, 0x34, 0x38, 0xe3, 0x51, 0x31, 0x8b, 0xcc, 0x47, 0x95,
  0x49, 0xb1, 0x29, 0x60, 0xac, 0x3d, 0x69, 0x55, 0x2a, 0x6c, 0x91, 0x15,
  0x25, 0x91, 0x89, 0x39, 0x11, 0x51, 0x66, 0xb0, 0x99, 0x92, 0x10, 0x70,
  0xe6, 0xaa, 0x43, 0xb4, 0xb8, 0xde, 0x2d, 0xae, 0x90, 0x36, 0x36, 0x63,
  0x96, 0x49, 0xb0, 0x9a, 0xa6, 0xd0, 0x00, 0x67, 0x3a, 0x2c, 0x5a, 0x6b,
  0x4e, 0x15, 0xf5, 0xb4, 0x56, 0x46, 0x69, 0xc3, 0xcc, 0x86, 0x93, 0x0e,
  0x16, 0x2e, 0xc8, 0x96, 0xff, 0x2a, 0xa5, 0x10, 0x04, 0x41, 0xdd, 0x28,
  0xf5, 0x64, 0xac, 0xe2, 0x87, 0x62, 0x65, 0xee, 0xd2, 0x3a, 0xb8, 0x67,
  0xe8, 0xc0, 0xe8, 0xfe, 0xdd, 0xbb, 0x77, 0x54, 0x66, 0x1a, 0x14, 0x00,
  0x62, 0xdf, 0xcf, 0xb0, 0x41, 0x99, 0x39, 0x9c, 0xff, 0xb3, 0xe9, 0xca,
  0x4f, 0xbe, 0xef, 0x13, 0x5f, 0x18, 0x96, 0x42, 0x5c, 0x93, 0xcb, 0xf9,
  0x03, 0x46, 0x2b, 0x48, 0xa2, 0x28, 0x97, 0xcf, 0x09, 0x21, 0x1d, 0x41,
  0x60, 0x04, 0xf5, 0x2a, 0x4a, 0xa5, 0x0e, 0x1b, 0xb4, 0x14, 0xc8, 0x44,
  0x83, 0x9b, 0xdd, 0x02, 0xc3, 0x9c, 0xd5, 0x4b, 0xa4, 0xf1, 0xaf, 0x86,
  0x01, 0x31, 0x48, 0xdb, 0x56, 0x6a, 0x7b, 0xd0, 0x10, 0x25, 0xfe, 0x64,
  0x6a, 0xf5, 0x8d, 0x31, 0xa4, 0x33, 0xe8, 0x90, 0x06, 0xde, 0x4c, 0x8b,
  0xa6, 0x88, 0x5d, 0xd0, 0x11, 0x5c, 0xd7, 0x4f, 0x90, 0x8c, 0x49, 0xf4,
  0x08, 0x9b, 0x75, 0x6d, 0xf9, 0x24, 0x09, 0x86, 0xb4, 0xb2, 0x98, 0x61,
  0x37, 0xc2, 0xe0, 0x89, 0x63, 0xe8, 0xe8, 0xe8, 0x84, 0xd2, 0x06, 0xd5,
  0x6a, 0x15, 0x9d, 0x9d, 0x9d, 0x3c, 0x3a, 0x32, 0x42, 0xf3, 0x17, 0x2c,
  0xb0, 0xbc, 0x93, 0xc4, 0xc2, 0xa5, 0x11, 0xfc, 0x56, 0x37, 0xcf, 0x06,
  0x1e, 0x85, 0xb4, 0x8a, 0x88, 0x69, 0x46, 0x88, 0x0d, 0xb3, 0xd1, 0x9a,
  0x88, 0x80, 0xee, 0xde, 0x5e, 0x74, 0x75, 0x77, 0x52, 0xb1, 0xe0, 0xb3,
  0x23, 0x05, 0x62, 0xa5, 0x51, 0xab, 0x07, 0xd8, 0xff, 0xd8, 0x53, 0x78,
  0xf8, 0xd1, 0x47, 0x30, 0x39, 0x74, 0x98, 0xba, 0x3a, 0x3b, 0x91, 0xf3,
  0x73, 0x28, 0xe5, 0x73, 0x70, 0x04, 0xd9, 0x18, 0x0a, 0x01, 0xb2, 0x49,
  0x47, 0x25, 0x85, 0xe3, 0x59, 0x25, 0x76, 0xb2, 0x09, 0xe3, 0xd8, 0x12,
  0xe6, 0xb2, 0x40, 0xac, 0x36, 0x50, 0x46, 0x67, 0xda, 0xb3, 0x7e, 0xce,
  0x47, 0x58, 0xab, 0x20, 0x8e, 0x62, 0x54, 0xab, 0x35, 0x14, 0x8a, 0x25,
  0x44, 0x91, 0x02, 0x91, 0x40, 0xbe, 0x50, 0xc0, 0xf8, 0xe4, 0x34, 0xea,
  0xb5, 0x3a, 0x54, 0x1c, 0xd9, 0x00, 0xa2, 0x25, 0x12, 0x52, 0x10, 0xd4,
  0x31, 0x78, 0xec, 0x08, 0x8e, 0x1d, 0x3a, 0x00, 0x80, 0x91, 0x2f, 0x14,
  0xe1, 0x48, 0x49, 0xb9, 0x7c, 0x1e, 0x9e, 0x97, 0x63, 0x27, 0x21, 0x9b,
  0x69, 0x63, 0x8b, 0x35, 0x9b, 0xb5, 0x49, 0xb4, 0xad, 0x40, 0xe7, 0xa9,
  0xe9, 0x2a, 0xad, 0xbf, 0xf4, 0x12, 0xbc, 0xf9, 0x57, 0x5e, 0x47, 0x51,
  0x0c, 0xb8, 0x9e, 0x8b, 0x20, 0x08, 0x31, 0x3e, 0x31, 0xdd, 0x14, 0xc3,
  0x40, 0x82, 0x02, 0x6c, 0x5a, 0x5d, 0x27, 0x48, 0x2a, 0x56, 0x36, 0x13,
  0xd6, 0xd9, 0xd9, 0x89, 0x15, 0xcb, 0x97, 0xe1, 0xe8, 0xb1, 0x63, 0x38,
  0x72, 0xf4, 0x18, 0x08, 0x36, 0x0e, 0xc4, 0x09, 0x27, 0x29, 0x3d, 0xa4,
  0x9a, 0x35, 0x67, 0x09, 0x60, 0x6a, 0x9e, 0xbb, 0x8c, 0x97, 0x90, 0x02,
  0x1e, 0x4e, 0x0d, 0x78, 0x8b, 0x9a, 0x10, 0x37, 0x71, 0x1d, 0x98, 0xad,
  0x8a, 0x5a, 0xea, 0x7e, 0xb7, 0x64, 0x2f, 0x93, 0xc0, 0xb3, 0x49, 0x24,
  0x2c, 0x8d, 0x61, 0xa8, 0xa4, 0x4e, 0x28, 0xad, 0x7c, 0x86, 0xd1, 0xcc,
  0x16, 0xce, 0x1b, 0x9b, 0xce, 0x27, 0xd2, 0x5a, 0x3b, 0x0c, 0xb8, 0x26,
  0x09, 0x10, 0xc7, 0x71, 0x8c, 0x28, 0x8a, 0xc6, 0x8d, 0x56, 0xfb, 0x34,
  0x9b, 0x3d, 0x30, 0xe6, 0x8e, 0xca, 0x74, 0xf5, 0x81, 0xff, 0xf9, 0xaf,
  0xcf, 0x1e, 0x98, 0x59, 0x38, 0x38, 0xd3, 0xa0, 0x24, 0x81, 0x59, 0x83,
  0x9f, 0xa3, 0xe1, 0x24, 0x02, 0x52, 0x3b, 0xfe, 0xf2, 0xea, 0x0f, 0xdd,
  0x9d, 0x77, 0xf2, 0x6f, 0x27, 0x63, 0xfe, 0x97, 0x70, 0xdc, 0x1e, 0x8b,
  0x5e, 0x60, 0x7c, 0xcf, 0x51, 0x52, 0xba, 0x54, 0xad, 0x85, 0xc2, 0x91,
  0x92, 0x88, 0x88, 0x85, 0xfd, 0x6f, 0xe2, 0x66, 0x88, 0x96, 0xcd, 0x9c,
  0xb9, 0x18, 0xb6, 0xe3, 0x9c, 0xb5, 0xea, 0xc9, 0x22, 0x12, 0x02, 0x48,
  0x3c, 0x87, 0x16, 0x6d, 0xc7, 0xf4, 0x01, 0x6a, 0x63, 0xac, 0xcf, 0xd3,
  0x4c, 0x90, 0x4b, 0x88, 0x0b, 0x1a, 0xa9, 0x0f, 0xab, 0xe1, 0x38, 0xc1,
  0x49, 0x29, 0xe6, 0x99, 0x4a, 0x1d, 0xdc, 0xdc, 0xf6, 0x9e, 0xac, 0xc2,
  0xaf, 0x95, 0xbc, 0x17, 0x70, 0xfc, 0x02, 0xea, 0x49, 0xf9, 0xaf, 0x9f,
  0xcf, 0x23, 0x88, 0x22, 0x2a, 0x74, 0x74, 0x60, 0x62, 0x72, 0xaa, 0x85,
  0xab, 0x42, 0x16, 0xc4, 0xa2, 0x59, 0xc5, 0x9b, 0x53, 0xc5, 0x3a, 0x12,
  0x9c, 0xb1, 0xe4, 0x98, 0x61, 0x54, 0x8c, 0x52, 0xa9, 0x84, 0x81, 0xd9,
  0x73, 0x90, 0xcb, 0xe5, 0x98, 0x8d, 0xa1, 0x20, 0x8c, 0x29, 0x88, 0x14,
  0xc6, 0xc6, 0x26, 0x50, 0x0f, 0x02, 0x30, 0x03, 0x07, 0x9e, 0x3c, 0x00,
  0xd7, 0xf5, 0xb0, 0x7a, 0xdd, 0x05, 0x58, 0x30, 0x7f, 0x0e, 0x4a, 0x79,
  0x07, 0xbe, 0x0b, 0xb8, 0x32, 0x69, 0x56, 0x2e, 0x5a, 0x55, 0xf0, 0x4c,
  0x12, 0x9f, 0xd2, 0x06, 0xd9, 0xa2, 0x57, 0x9e, 0xc8, 0x92, 0x60, 0x2a,
  0xc9, 0xbc, 0x48, 0x23, 0xc1, 0x49, 0x16, 0xa3, 0xab, 0xe4, 0x20, 0xa8,
  0x4d, 0x63, 0xf4, 0xc4, 0x93, 0xb8, 0xe7, 0x8e, 0x9b, 0x70, 0xec, 0xe8,
  0x41, 0x14, 0xba, 0x67, 0x23, 0x97, 0xf3, 0xe0, 0x4a, 0x81, 0x28, 0x0a,
  0x30, 0x3d, 0x59, 0x46, 0xa5, 0x32, 0x0d, 0x1d, 0xc7, 0xd0, 0xda, 0x20,
  0x52, 0x31, 0x2a, 0xe5, 0x0a, 0xca, 0xd3, 0x53, 0xc8, 0xe5, 0x72, 0x90,
  0x8e, 0x03, 0x30, 0x50, 0xad, 0x56, 0x79, 0x6a, 0x6a, 0xaa, 0x81, 0x0e,
  0x01, 0x08, 0x29, 0x6d, 0xaf, 0x9e, 0x44, 0x64, 0xcb, 0x56, 0xe4, 0x7a,
  0xec, 0xe7, 0x7d, 0x04, 0xb5, 0x3a, 0x20, 0x24, 0x86, 0xc6, 0xaa, 0xc8,
  0x79, 0x12, 0x61, 0x1c, 0x42, 0xab, 0xe6, 0x40, 0x68, 0x1a, 0x8f, 0xb0,
  0x06, 0x25, 0xcd, 0x9e, 0x68, 0xd5, 0xa0, 0xcb, 0x6b, 0xa5, 0xa0, 0x54,
  0x8c, 0xce, 0xce, 0x4e, 0xcc, 0x9d, 0x6b, 0xf0, 0xe4, 0x53, 0x07, 0x11,
  0xc7, 0x51, 0xe2, 0x32, 0x69, 0x6e, 0x26, 0xa4, 0x35, 0xa7, 0xae, 0x5b,
  0x02, 0xbd, 0x69, 0xf6, 0x30, 0x8b, 0xdb, 0x71, 0x93, 0xe3, 0x64, 0x53,
  0x61, 0x99, 0x5b, 0x97, 0x22, 0x6a, 0xdb, 0x37, 0xb5, 0x25, 0x59, 0x91,
  0xae, 0x87, 0x54, 0x1b, 0xd7, 0xe8, 0xd4, 0x25, 0x32, 0x06, 0xac, 0xd9,
  0x18, 0xdb, 0x03, 0x8d, 0x00, 0x32, 0x6c, 0x1c, 0x22, 0x92, 0x76, 0x4e,
  0x04, 0xa2, 0x38, 0x42, 0x18, 0xd6, 0x63, 0xad, 0xd4, 0x41, 0xa5, 0xcc,
  0xe3, 0x00, 0xdf, 0x11, 0xab, 0xe8, 0x9e, 0x4a, 0xa5, 0xfc, 0xc8, 0xb7,
  0x76, 0xfc, 0xfb, 0xe0, 0xa9, 0x1a, 0xc6, 0x0d, 0xaf, 0x7a, 0x94, 0x12,
  0xb1, 0x26, 0xfe, 0x79, 0x34, 0x28, 0xa7, 0x4c, 0x53, 0x37, 0xab, 0xd4,
  0xfd, 0xcd, 0xd5, 0x9f, 0x5c, 0x18, 0xaa, 0xfa, 0x9b, 0x55, 0xac, 0xde,
  0x64, 0x8c, 0x59, 0x57, 0x28, 0xe4, 0x5d, 0x91, 0xd0, 0xa5, 0x05, 0x89,
  0x58, 0x4a, 0x69, 0x84, 0x90, 0x16, 0x47, 0x12, 0x84, 0x23, 0x44, 0x12,
  0x85, 0xb5, 0x27, 0x83, 0xd6, 0x3a, 0xa3, 0xae, 0x69, 0x66, 0x4a, 0x8b,
  0xb6, 0x32, 0x5f, 0x42, 0x6b, 0x06, 0x18, 0x86, 0x44, 0x8b, 0x82, 0x52,
  0xc6, 0xc4, 0x64, 0xc3, 0xcd, 0x59, 0xa8, 0x54, 0x04, 0xc8, 0x8a, 0xa6,
  0x8b, 0x16, 0x17, 0xac, 0x41, 0xb2, 0x6b, 0x22, 0x45, 0x11, 0xcd, 0x90,
  0x4b, 0x4a, 0x15, 0x98, 0x6d, 0x6a, 0x55, 0x1b, 0xa2, 0x14, 0x9e, 0x12,
  0x35, 0x29, 0xed, 0x5a, 0x9b, 0x91, 0x25, 0x27, 0x6c, 0xbf, 0xaa, 0xf4,
  0xfb, 0x29, 0x93, 0x34, 0x63, 0x30, 0xd8, 0x0a, 0xbe, 0x58, 0xde, 0x0f,
  0x03, 0x71, 0x14, 0x42, 0x3a, 0x1e, 0xe6, 0x2f, 0x58, 0x80, 0x7c, 0x3e,
  0x09, 0x66, 0xfa, 0x7e, 0x92, 0xd9, 0x11, 0x08, 0xa3, 0x08, 0x83, 0x83,
  0x83, 0x28, 0x57, 0xaa, 0x18, 0x1d, 0x3a, 0x81, 0x7a, 0x6c, 0xf0, 0x2b,
  0xbf, 0xf5, 0x07, 0xb8, 0x74, 0xd5, 0x5c, 0xf4, 0x95, 0x72, 0x19, 0x41,
  0xab, 0x71, 0xdf, 0xc9, 0xa9, 0xd9, 0xd4, 0x9d, 0x20, 0x8d, 0x3d, 0x65,
  0x2a, 0xf9, 0xc9, 0x49, 0xde, 0x9c, 0xbd, 0x30, 0x89, 0xcb, 0xd4, 0xdb,
  0x5b, 0xc2, 0x5b, 0xff, 0xfc, 0xcf, 0xb1, 0xfb, 0xb6, 0x9b, 0x70, 0xc6,
  0x99, 0x67, 0x62, 0x68, 0x68, 0x18, 0xf5, 0x5a, 0x1d, 0xf9, 0x42, 0x09,
  0x0c, 0x46, 0x1c, 0xdb, 0x7e, 0xc7, 0x42, 0xba, 0x20, 0xe1, 0x40, 0x4a,
  0x27, 0x29, 0xf1, 0xf7, 0x6d, 0x39, 0x83, 0xa0, 0xa6, 0x4e, 0x80, 0x94,
  0xe8, 0xa7, 0x98, 0x2c, 0x66, 0x43, 0xb0, 0xe8, 0x23, 0x73, 0x17, 0x32,
  0x52, 0x1f, 0x21, 0x5f, 0x28, 0x62, 0xf1, 0xe2, 0xa5, 0x28, 0x75, 0x74,
  0x62, 0xed, 0xba, 0xf3, 0xb1, 0x64, 0xe1, 0xc2, 0x46, 0xb6, 0x91, 0x9a,
  0x34, 0x6c, 0x8d, 0xfd, 0xdb, 0xd4, 0xb8, 0xc4, 0x49, 0x06, 0x45, 0xe9,
  0xe4, 0x94, 0x0f, 0x63, 0x04, 0x51, 0x08, 0xa5, 0x34, 0xca, 0xe5, 0x32,
  0x0e, 0x1c, 0x3c, 0x04, 0x29, 0xc1, 0x8e, 0x94, 0x27, 0xeb, 0x15, 0x12,
  0x66, 0x70, 0xa6, 0xb2, 0x94, 0xfa, 0x49, 0x99, 0xc7, 0xcc, 0xfd, 0x24,
  0x24, 0x1a, 0x45, 0xf6, 0x99, 0xda, 0x24, 0x03, 0x51, 0xc6, 0x90, 0x66,
  0x86, 0x10, 0x30, 0xb6, 0x55, 0x33, 0xd8, 0x18, 0xc3, 0xca, 0x68, 0x1b,
  0xc3, 0x06, 0x84, 0x61, 0x76, 0x52, 0x97, 0x16, 0xb0, 0xa5, 0x0b, 0x51,
  0x18, 0x85, 0x86, 0xf9, 0x84, 0x61, 0xf3, 0xb8, 0x52, 0xfa, 0x21, 0x1d,
  0x47, 0xf7, 0x04, 0xb5, 0xda, 0xa3, 0x83, 0x87, 0x1e, 0x3d, 0x78, 0xf7,
  0xdd, 0x77, 0xd7, 0x67, 0xca, 0xce, 0x6e, 0xd8, 0xba, 0x55, 0x0e, 0xec,
  0x5b, 0xcd, 0xab, 0x56, 0x3d, 0xca, 0x3f, 0xad, 0x2c, 0xcf, 0x8f, 0x1d,
  0xc1, 0x00, 0xc0, 0xe6, 0xcd, 0x9b, 0x75, 0xda, 0xc7, 0x68, 0xf3, 0xe6,
  0xcd, 0x47, 0x00, 0x7c, 0x08, 0xc0, 0x87, 0xfe, 0xe2, 0xaf, 0xdf, 0x77,
  0x6e, 0xb5, 0x56, 0xdf, 0x48, 0xe0, 0xd7, 0xb2, 0x31, 0xe7, 0x09, 0x29,
  0x7a, 0x1c, 0xc7, 0xcb, 0x94, 0xb6, 0x98, 0x0d, 0x58, 0x1b, 0x63, 0x2c,
  0x8d, 0x56, 0xa7, 0xa0, 0x3e, 0x21, 0x68, 0x27, 0x0f, 0x2d, 0x09, 0x5d,
  0x88, 0x54, 0xa9, 0xbf, 0x99, 0xaa, 0xdf, 0x22, 0x42, 0x99, 0x2d, 0x02,
  0x2b, 0x18, 0x64, 0x6d, 0x44, 0x4b, 0xc4, 0xd6, 0x86, 0xf5, 0x1b, 0x5c,
  0x15, 0x62, 0x26, 0x92, 0xb6, 0x7d, 0x0d, 0xf3, 0x0c, 0xd9, 0xc3, 0x06,
  0xb3, 0x9b, 0xe8, 0x24, 0xf9, 0xb9, 0xa6, 0xd5, 0x29, 0x1a, 0xba, 0xff,
  0xb6, 0xb9, 0x52, 0x23, 0x73, 0x01, 0xd3, 0x22, 0x12, 0x77, 0x52, 0x2b,
  0x92, 0x84, 0x69, 0x51, 0xaf, 0xd7, 0xe1, 0xb8, 0x1a, 0x23, 0xc3, 0x83,
  0x90, 0x82, 0x48, 0x08, 0x07, 0xd2, 0x91, 0x94, 0xcb, 0xe5, 0xc9, 0x71,
  0x2c, 0xcd, 0xdb, 0xf3, 0x3c, 0x14, 0x0a, 0x0c, 0xe9, 0x38, 0x90, 0x3a,
  0x46, 0x57, 0x29, 0x07, 0x22, 0x89, 0x5a, 0xc4, 0x96, 0xc5, 0xcb, 0x56,
  0xdb, 0x25, 0x75, 0x01, 0x18, 0x68, 0xca, 0xca, 0x35, 0xe9, 0xc7, 0x26,
  0xae, 0x45, 0x2a, 0x7c, 0x95, 0xde, 0x24, 0x35, 0x73, 0x36, 0x0c, 0xd0,
  0xd9, 0x33, 0x80, 0x0d, 0xaf, 0x7a, 0x13, 0x2e, 0xbb, 0xec, 0x15, 0x78,
  0xf4, 0xe1, 0x87, 0xf0, 0xcf, 0xd7, 0x7c, 0x18, 0x24, 0x27, 0x30, 0x6b,
  0xf6, 0x02, 0x94, 0x3a, 0x7a, 0xe1, 0x38, 0xb2, 0x69, 0x2e, 0x08, 0xac,
  0x0d, 0x42, 0x5d, 0x43, 0x14, 0x89, 0x2c, 0x3d, 0x9d, 0x75, 0x1b, 0x48,
  0x83, 0xf2, 0x89, 0x21, 0xa3, 0xa4, 0xcc, 0x5f, 0x24, 0x9b, 0xdd, 0xf3,
  0x7c, 0xe4, 0x72, 0x79, 0xe4, 0x0a, 0x05, 0x14, 0x4a, 0x1d, 0xe8, 0xe9,
  0x9f, 0x83, 0x15, 0xcb, 0x96, 0xa0, 0xa3, 0x58, 0xc4, 0x68, 0xa2, 0xe4,
  0x66, 0x5d, 0x94, 0x84, 0x38, 0x66, 0x18, 0xac, 0x35, 0x74, 0x12, 0xa3,
  0x50, 0x19, 0x82, 0x31, 0x08, 0xa3, 0x08, 0x61, 0x14, 0x42, 0xc5, 0x8a,
  0xa3, 0x28, 0xb4, 0x42, 0xde, 0x71, 0x0c, 0xa5, 0x22, 0xd4, 0x2a, 0x01,
  0xe7, 0xf3, 0x05, 0x64, 0x5c, 0xf1, 0x26, 0xa6, 0x76, 0x8b, 0x90, 0x78,
  0x92, 0xf1, 0x69, 0x68, 0xe2, 0x22, 0x15, 0xca, 0xe2, 0xd6, 0xf5, 0x40,
  0x49, 0x1e, 0x33, 0x85, 0xdc, 0xf6, 0xd0, 0x23, 0x62, 0x22, 0x01, 0xa1,
  0x35, 0x3b, 0xc8, 0x50, 0x4e, 0x52, 0x8a, 0x01, 0x93, 0xd4, 0xa6, 0xc5,
  0x53, 0x5a, 0xc5, 0x43, 0xcc, 0xe6, 0x11, 0x6d, 0xf8, 0x41, 0xad, 0xf4,
  0xc3, 0x51, 0x10, 0xec, 0x2f, 0x8f, 0x1e, 0x38, 0x72, 0xf3, 0x8c, 0x74,
  0xf1, 0x49, 0x01, 0xd9, 0xed, 0xdb, 0x4d, 0x92, 0xf9, 0xfa, 0x85, 0x6f,
  0x33, 0x4c, 0xa7, 0x9a, 0x08, 0x00, 0x62, 0xdb, 0x8c, 0x6e, 0x87, 0x7f,
  0xf8, 0xd6, 0x2d, 0x73, 0x58, 0x8b, 0x33, 0x0d, 0xf1, 0x39, 0x44, 0xb4,
  0x5a, 0xc0, 0xac, 0x64, 0xf0, 0x52, 0x06, 0xcd, 0x16, 0x24, 0x7c, 0xc7,
  0x91, 0x27, 0x49, 0x2f, 0x26, 0xdd, 0xe8, 0x1a, 0x70, 0x75, 0x46, 0xaa,
  0xb8, 0xe1, 0x01, 0x65, 0x89, 0x81, 0x6c, 0x11, 0x9e, 0xf2, 0x64, 0xa2,
  0x96, 0xe2, 0xa9, 0xac, 0xea, 0x94, 0x2d, 0xc4, 0x69, 0xd4, 0x14, 0xa5,
  0x41, 0x5a, 0x6e, 0x4e, 0x53, 0x72, 0xa6, 0x50, 0x66, 0xb3, 0x9e, 0x0d,
  0xd6, 0x67, 0xc6, 0x87, 0xe0, 0x34, 0xb8, 0xdb, 0x94, 0xa6, 0xe6, 0x24,
  0xd6, 0x44, 0x4d, 0xb8, 0xc8, 0xa4, 0x29, 0x72, 0x2b, 0x24, 0x9d, 0xca,
  0x38, 0xba, 0xbe, 0x87, 0x5c, 0x2e, 0x6f, 0x2b, 0x87, 0x95, 0x82, 0x20,
  0x52, 0x42, 0x38, 0x46, 0x08, 0xc0, 0x91, 0x82, 0x1c, 0xc7, 0x43, 0xb5,
  0x56, 0xa5, 0x5a, 0xbd, 0x2e, 0x2e, 0xbd, 0xea, 0x4d, 0x38, 0x7d, 0xf1,
  0x5c, 0x2c, 0x9f, 0x6f, 0xf5, 0x64, 0x52, 0x94, 0xd0, 0x02, 0xd9, 0xb9,
  0x35, 0xf6, 0x92, 0xce, 0x81, 0x6e, 0x62, 0xf2, 0xa6, 0x31, 0x0d, 0xca,
  0x8e, 0x67, 0x46, 0x67, 0x47, 0x07, 0xde, 0xf7, 0xbe, 0xf7, 0xa0, 0x6f,
  0xf6, 0x6c, 0x5c, 0xf5, 0x9a, 0xd7, 0xa3, 0x36, 0x3d, 0x85, 0x8f, 0xbc,
  0x7f, 0x2b, 0x6a, 0x95, 0x69, 0x84, 0x91, 0x02, 0xa4, 0x8f, 0x5c, 0xb1,
  0x0b, 0xb9, 0x5c, 0x31, 0x73, 0x33, 0x69, 0xc6, 0x5c, 0xdb, 0xda, 0x17,
  0x99, 0xcd, 0x8d, 0x25, 0xd5, 0x49, 0x38, 0x8e, 0x07, 0xe1, 0x24, 0xa8,
  0xc7, 0x91, 0x6c, 0x8b, 0x0c, 0x89, 0x5c, 0xcf, 0x47, 0xbe, 0x98, 0x43,
  0xa9, 0x50, 0x44, 0x2e, 0x97, 0xb3, 0x75, 0x37, 0x59, 0xca, 0x9c, 0x9a,
  0x6a, 0x6e, 0x74, 0x26, 0x4a, 0xad, 0xb5, 0x95, 0x68, 0x88, 0x55, 0xcc,
  0x2a, 0x56, 0x1c, 0xc7, 0xb1, 0x09, 0xa2, 0x08, 0x71, 0x14, 0x09, 0xad,
  0x94, 0xd4, 0x5a, 0x21, 0x8e, 0x15, 0xd5, 0xeb, 0x55, 0x44, 0x41, 0xc0,
  0x7e, 0x2e, 0x0f, 0xc7, 0x75, 0x29, 0x9d, 0x0e, 0xd1, 0x54, 0x3e, 0xd1,
  0xd2, 0x6d, 0xa2, 0xb9, 0x9e, 0x4c, 0xa4, 0x28, 0x05, 0x86, 0x99, 0xa5,
  0xed, 0x68, 0x28, 0x9b, 0x3a, 0x78, 0x50, 0x43, 0xff, 0x56, 0x58, 0xe5,
  0x3a, 0x6d, 0x0c, 0x8c, 0x56, 0x30, 0x6c, 0xa6, 0x8d, 0xe6, 0x51, 0xb0,
  0x39, 0xc2, 0xc0, 0x01, 0xad, 0xf9, 0x09, 0xad, 0xd4, 0x0f, 0xb4, 0x56,
  0x87, 0xb4, 0x0e, 0x8e, 0x3e, 0xba, 0x67, 0x7c, 0x64, 0xdf, 0xbe, 0x1d,
  0xd1, 0xd3, 0x1b, 0x93, 0x5f, 0x6c, 0x74, 0xf2, 0xbc, 0xfb, 0x22, 0xa5,
  0xc6, 0x66, 0xeb, 0xd6, 0xad, 0xfa, 0x54, 0x4d, 0xc1, 0x37, 0xfd, 0xe1,
  0x1f, 0x96, 0x72, 0xd4, 0x39, 0xcf, 0x27, 0x9a, 0x0d, 0xc2, 0x6c, 0x18,
  0xea, 0x65, 0xa2, 0x6e, 0xcd, 0xaa, 0x87, 0x88, 0x8a, 0x30, 0x26, 0x0f,
  0xa6, 0x82, 0x21, 0xe4, 0x24, 0x91, 0x81, 0x85, 0x1b, 0xc2, 0xc6, 0xf0,
  0xd9, 0x61, 0x8b, 0xaa, 0x75, 0xd2, 0x8d, 0xdb, 0x24, 0x85, 0x44, 0x1e,
  0x31, 0xa7, 0xd9, 0x49, 0x00, 0xac, 0x93, 0x20, 0x8a, 0x4b, 0x4c, 0x0e,
  0x00, 0x6d, 0xc1, 0x05, 0xc3, 0x58, 0x04, 0x61, 0x92, 0x66, 0x97, 0x9a,
  0x09, 0x0c, 0x36, 0x02, 0x80, 0x49, 0x9c, 0x1a, 0x62, 0x4e, 0xd5, 0x3a,
  0x49, 0x30, 0x6b, 0xc1, 0xb0, 0x0d, 0x15, 0x41, 0xc2, 0x7a, 0xe3, 0x82,
  0x58, 0x34, 0x82, 0xaa, 0x0e, 0x04, 0x19, 0x30, 0xcb, 0xa4, 0xad, 0x9a,
  0x4e, 0x40, 0x8a, 0x43, 0x16, 0xda, 0x28, 0x5b, 0x15, 0x61, 0x28, 0xc9,
  0x9a, 0x19, 0x41, 0x24, 0x85, 0x10, 0x12, 0xcc, 0x14, 0x84, 0x61, 0x4e,
  0x08, 0xe9, 0xbb, 0x52, 0x7a, 0x44, 0xd4, 0x43, 0x42, 0xf4, 0x39, 0x8e,
  0x9b, 0xa0, 0x36, 0x91, 0x9c, 0xd6, 0x31, 0x5c, 0x29, 0x78, 0xc9, 0xaa,
  0xf3, 0x78, 0xf1, 0xfc, 0xb9, 0xb8, 0xf8, 0xbc, 0xd5, 0x88, 0x94, 0x15,
  0x0b, 0xca, 0x0c, 0x9c, 0x10, 0x40, 0x42, 0x38, 0x4c, 0x36, 0x3e, 0xc7,
  0x5a, 0x67, 0x44, 0x33, 0x5b, 0xe9, 0x6d, 0x99, 0xb7, 0x8d, 0xcc, 0x5d,
  0x82, 0x1a, 0xb5, 0x46, 0x4f, 0x4f, 0x0f, 0x3e, 0xf4, 0x81, 0xf7, 0xe0,
  0xc0, 0xe1, 0x43, 0x58, 0xfb, 0xd2, 0xcb, 0x31, 0x3a, 0x3c, 0x84, 0xc3,
  0x8f, 0xdd, 0x8f, 0xd9, 0xb3, 0x07, 0x10, 0x04, 0x01, 0x26, 0xa7, 0x2a,
  0x88, 0xa3, 0x08, 0x82, 0x08, 0xdd, 0xb3, 0xe6, 0xa0, 0xbb, 0xb7, 0x1f,
  0x04, 0xce, 0x32, 0x59, 0x76, 0x13, 0x0a, 0x10, 0x25, 0x06, 0x46, 0xa4,
  0x2d, 0x44, 0x44, 0x26, 0x1f, 0x90, 0x66, 0x74, 0x1c, 0x69, 0x51, 0x80,
  0x10, 0x32, 0x6b, 0x6e, 0x67, 0x0c, 0x48, 0x4a, 0xb0, 0x6d, 0xc3, 0xe1,
  0xa4, 0x95, 0xe0, 0xd6, 0xfe, 0xeb, 0x18, 0xda, 0x18, 0xb6, 0xe9, 0x5b,
  0x4d, 0x5a, 0x69, 0xc9, 0x0c, 0x61, 0xe3, 0x76, 0x16, 0xc5, 0xa8, 0x38,
  0x46, 0x14, 0x86, 0xf5, 0x7a, 0xbd, 0x1e, 0x47, 0x61, 0x00, 0x22, 0xe8,
  0x7c, 0xbe, 0x08, 0x92, 0x92, 0x98, 0x8d, 0x14, 0x36, 0x1d, 0xcd, 0x89,
  0x3b, 0xcc, 0x00, 0x1c, 0x66, 0xc8, 0x44, 0x0f, 0x56, 0xd8, 0x47, 0x4c,
  0x26, 0x51, 0x69, 0x37, 0x6c, 0xb9, 0x33, 0x39, 0x00, 0x53, 0x00, 0xd7,
  0x84, 0x90, 0x55, 0x66, 0xae, 0x1a, 0x63, 0x6a, 0x04, 0x94, 0x19, 0x3c,
  0x01, 0xa2, 0x31, 0x00, 0x63, 0xcc, 0x7c, 0xdc, 0x68, 0x1e, 0x22, 0xa2,
  0xa1, 0x5a, 0x2d, 0x3a, 0x71, 0xe2, 0xc9, 0x7b, 0xc7, 0x66, 0xba, 0x37,
  0x4f, 0xc7, 0x3d, 0x49, 0x18, 0xb2, 0xdc, 0x6e, 0x1f, 0xfc, 0x23, 0x74,
  0x15, 0x60, 0x66, 0xda, 0xbc, 0x79, 0xb3, 0x58, 0xb5, 0x6a, 0x15, 0xed,
  0x02, 0xb0, 0xeb, 0x69, 0x8c, 0xce, 0x8b, 0x7a, 0x32, 0x89, 0xf0, 0xf2,
  0x97, 0xbf, 0xdc, 0x39, 0x78, 0xf0, 0xa0, 0x73, 0xce, 0xc5, 0x97, 0x77,
  0x15, 0xbd, 0xdc, 0x25, 0x86, 0xf8, 0x25, 0xae, 0xe3, 0xc4, 0xb1, 0x36,
  0xe7, 0xc4, 0x51, 0x30, 0x8b, 0x48, 0xe4, 0x73, 0x9e, 0xb7, 0x0a, 0x6e,
  0xc9, 0x5d, 0x7a, 0xda, 0x62, 0xbc, 0xe9, 0x35, 0xaf, 0x42, 0x1c, 0xc7,
  0x49, 0x85, 0x35, 0x40, 0x52, 0x82, 0xc6, 0x47, 0xc1, 0xc5, 0x22, 0x90,
  0xf3, 0x19, 0x59, 0x03, 0x31, 0x4b, 0xd6, 0x4b, 0xe3, 0x1e, 0x69, 0xa6,
  0xab, 0x59, 0xeb, 0x97, 0x93, 0xe0, 0x69, 0xa9, 0xa3, 0x0b, 0xef, 0xbd,
  0xfa, 0x6f, 0xf0, 0xc8, 0x43, 0xf7, 0xe3, 0xb4, 0x95, 0x67, 0xa0, 0x3a,
  0x3d, 0x89, 0xe3, 0x47, 0x0e, 0xea, 0x7c, 0x3e, 0x67, 0x23, 0x5d, 0x24,
  0xd1, 0xd9, 0xd9, 0x8b, 0xbe, 0x81, 0xb9, 0xe8, 0xeb, 0x9f, 0x8b, 0x7c,
  0xa1, 0x83, 0x5b, 0xc5, 0xbb, 0x53, 0x17, 0x09, 0xd6, 0xc8, 0x88, 0x26,
  0x7d, 0xe5, 0xc4, 0xe4, 0x25, 0x7d, 0x54, 0x6d, 0x23, 0x9a, 0xe6, 0x74,
  0xae, 0x61, 0xd2, 0x86, 0x13, 0x5c, 0x49, 0x42, 0x3a, 0x52, 0xa4, 0x6d,
  0x3c, 0x6c, 0x4b, 0x3d, 0x80, 0x13, 0x29, 0x0f, 0x36, 0x1a, 0x4a, 0xc5,
  0xda, 0x68, 0x33, 0xac, 0xb5, 0x3e, 0x6a, 0xd8, 0xec, 0x33, 0x4a, 0xef,
  0xd7, 0xac, 0x1f, 0x0a, 0x6b, 0xd1, 0xe3, 0x63, 0xc7, 0x87, 0xa2, 0xce,
  0x39, 0x5d, 0xa6, 0xbb, 0xa7, 0xd7, 0x00, 0xc0, 0xe4, 0xc4, 0xb8, 0x70,
  0x84, 0x10, 0xc2, 0x71, 0xd8, 0x91, 0x92, 0x01, 0x40, 0x46, 0x31, 0x47,
  0x02, 0xae, 0xd1, 0xc2, 0xd7, 0x06, 0xb1, 0x14, 0x42, 0xb8, 0xae, 0x26,
  0x80, 0x74, 0x1c, 0x47, 0xc2, 0x35, 0x9e, 0x09, 0x10, 0x20, 0x0e, 0x55,
  0xb7, 0x57, 0x28, 0x0c, 0x4d, 0xe9, 0xf2, 0xf4, 0xc8, 0xa3, 0x8f, 0x46,
  0xfb, 0xf6, 0xed, 0x8b, 0x9e, 0xd3, 0xda, 0xdf, 0xb1, 0x43, 0xac, 0x7a,
  0xf4, 0x51, 0xda, 0xb5, 0x0b, 0x18, 0x18, 0x68, 0x1b, 0x93, 0xe7, 0x14,
  0x83, 0x79, 0x96, 0x9b, 0x87, 0x9b, 0x35, 0x22, 0x68, 0xdb, 0xb6, 0xac,
  0x67, 0xed, 0xbe, 0x7d, 0xfb, 0x08, 0xd8, 0x84, 0x24, 0x02, 0x0e, 0x24,
  0x1d, 0x6b, 0x07, 0xf6, 0xad, 0x4e, 0x26, 0x7f, 0x47, 0xcb, 0x67, 0xad,
  0x5a, 0xb5, 0xea, 0xa7, 0xf2, 0x50, 0xb6, 0x6e, 0xdd, 0xca, 0x5b, 0xb7,
  0x6e, 0xa5, 0x67, 0xfa, 0x7f, 0xfc, 0xd0, 0xfe, 0x02, 0xa7, 0x2a, 0x7e,
  0xcc, 0x10, 0x10, 0xef, 0xde, 0xbd, 0x5b, 0x01, 0x50, 0x87, 0x0e, 0x7d,
  0x2e, 0x00, 0x70, 0x6d, 0xf2, 0xd3, 0x32, 0xde, 0xfc, 0x1b, 0x7f, 0x70,
  0x0f, 0xd7, 0x6b, 0x17, 0x06, 0xe5, 0x69, 0x15, 0xd4, 0x6b, 0x22, 0x4c,
  0x74, 0x5d, 0x20, 0x1d, 0xc8, 0xa1, 0x63, 0x70, 0xf6, 0x3d, 0x84, 0x5a,
  0xff, 0x7c, 0xf0, 0xf2, 0xe5, 0x94, 0xcb, 0xe7, 0x39, 0x8e, 0x1b, 0x15,
  0xeb, 0x49, 0x20, 0xbd, 0x21, 0x5e, 0x0e, 0xcb, 0x0b, 0xd2, 0x89, 0xfb,
  0xa7, 0x8c, 0x06, 0x93, 0x40, 0x14, 0x85, 0x20, 0xc1, 0x50, 0x51, 0xc0,
  0x3a, 0x0e, 0x75, 0x14, 0x45, 0x5e, 0xa1, 0xd8, 0x81, 0x81, 0xb9, 0x0b,
  0x31, 0x67, 0xee, 0x62, 0x74, 0xf6, 0xf4, 0x25, 0x32, 0x12, 0xda, 0xea,
  0xdf, 0x36, 0x19, 0x17, 0x06, 0x37, 0x18, 0x6d, 0xc4, 0x20, 0xdd, 0x1a,
  0xcb, 0xe0, 0x53, 0x36, 0x9b, 0xe2, 0x4c, 0x5e, 0x22, 0x09, 0xfc, 0x32,
  0x83, 0x43, 0x01, 0x51, 0x67, 0x42, 0x99, 0x8d, 0x29, 0x33, 0x63, 0x04,
  0xcc, 0x27, 0x88, 0x70, 0x5c, 0x6b, 0x3e, 0x0c, 0xd2, 0x4f, 0x6a, 0xc3,
  0x87, 0x27, 0xaa, 0xf1, 0xe1, 0x5b, 0x76, 0x7c, 0x76, 0xea, 0x27, 0xbd,
  0x1e, 0x98, 0x99, 0xb6, 0x6e, 0xdd, 0x4a, 0xfb, 0xf6, 0xed, 0xa3, 0xe1,
  0x55, 0xab, 0x68, 0x43, 0xb6, 0x6e, 0xad, 0x01, 0x01, 0x80, 0x6d, 0xdb,
  0xb6, 0xf1, 0xcc, 0xb5, 0xdf, 0x1e, 0x3f, 0xe1, 0xd6, 0xb1, 0xed, 0x71,
  0x8a, 0x39, 0x65, 0xc6, 0x96, 0xd6, 0xc5, 0x6b, 0x76, 0xed, 0x82, 0xd8,
  0xbd, 0x7b, 0x9b, 0xfa, 0x5f, 0xbf, 0xf5, 0x87, 0x5f, 0xa9, 0x56, 0xaa,
  0x6f, 0xee, 0xea, 0xee, 0x8c, 0xde, 0xf8, 0xcb, 0x9b, 0x9c, 0x94, 0xc4,
  0x06, 0xb6, 0x01, 0x54, 0xf7, 0xe8, 0x61, 0x84, 0x1d, 0x5d, 0x50, 0x85,
  0x22, 0x04, 0x44, 0x96, 0x66, 0x35, 0x19, 0x05, 0xdd, 0x34, 0x51, 0xe2,
  0x39, 0xa3, 0xa2, 0x33, 0x1b, 0xa8, 0x58, 0xc1, 0xcf, 0x17, 0xf0, 0xc5,
  0xcf, 0x5d, 0x83, 0x87, 0x1e, 0xbc, 0x37, 0x9e, 0xbf, 0x70, 0xb1, 0x1f,
  0xd5, 0xaa, 0xa8, 0xd7, 0x82, 0x6d, 0xcb, 0xcf, 0x5e, 0xfb, 0xfd, 0x9e,
  0xbe, 0xb9, 0x1e, 0xab, 0xd8, 0x09, 0x82, 0xba, 0x43, 0x80, 0x2b, 0x1c,
  0xf2, 0x05, 0x49, 0xc7, 0xba, 0x1c, 0x49, 0x60, 0x13, 0x06, 0x64, 0x7b,
  0xd9, 0x4b, 0x08, 0x21, 0x8d, 0x31, 0xb0, 0x69, 0x5d, 0x32, 0x49, 0x6e,
  0x57, 0x09, 0xa6, 0xc0, 0x30, 0x2b, 0x08, 0x68, 0x30, 0x29, 0x16, 0x14,
  0xbb, 0x02, 0x81, 0x24, 0x9a, 0x82, 0xc1, 0x94, 0x61, 0x55, 0x0b, 0xc9,
  0x54, 0xa0, 0x51, 0x1e, 0xad, 0x8d, 0x96, 0xbf, 0x7b, 0xdd, 0x75, 0xb5,
  0x1f, 0xb6, 0x49, 0xd3, 0x34, 0x6d, 0xe6, 0x6e, 0x34, 0x2c, 0x3f, 0xb3,
  0x3d, 0x00, 0x9e, 0xd7, 0x7a, 0xdd, 0xb6, 0x75, 0x6b, 0x33, 0x11, 0xaf,
  0x8d, 0x3c, 0x7e, 0x96, 0x10, 0x4c, 0x7b, 0x3c, 0xfb, 0x83, 0x31, 0x85,
  0x36, 0xdb, 0x9a, 0x16, 0xf1, 0x6e, 0x00, 0xeb, 0xd7, 0x6f, 0x11, 0x00,
  0x10, 0x2b, 0x3e, 0x38, 0x36, 0x3a, 0x82, 0x7a, 0xbd, 0x82, 0x89, 0xc9,
  0xe9, 0x0c, 0x05, 0xe8, 0x38, 0x86, 0x71, 0x3d, 0xc8, 0x4a, 0x00, 0xcd,
  0x0e, 0x10, 0x33, 0x8c, 0x52, 0x0d, 0xea, 0x7a, 0x53, 0xfd, 0x4a, 0xaa,
  0x0f, 0x63, 0x74, 0xa3, 0xf8, 0xd4, 0x24, 0x95, 0xb7, 0xf9, 0x42, 0x84,
  0xc9, 0xa9, 0x29, 0x53, 0x99, 0x9c, 0xf4, 0xc7, 0x73, 0xf9, 0xa3, 0x2a,
  0x8e, 0xff, 0xb3, 0xfb, 0x92, 0x4b, 0xde, 0x7b, 0xf3, 0x8e, 0xed, 0xd1,
  0x4f, 0x75, 0x62, 0x12, 0x37, 0x7b, 0xd8, 0xf6, 0xd0, 0xc1, 0xcc, 0xb8,
  0xc5, 0x8e, 0x1d, 0x9b, 0x4f, 0x6d, 0x80, 0xb6, 0x6d, 0x03, 0xbd, 0x10,
  0x46, 0x61, 0xdb, 0xb6, 0xf6, 0xea, 0x6c, 0x1b, 0x98, 0x5f, 0xe4, 0xb1,
  0x0b, 0xd6, 0xc0, 0x84, 0x87, 0x8d, 0x31, 0x08, 0xeb, 0x75, 0x8c, 0x8e,
  0x8e, 0x21, 0x0c, 0xc3, 0x4c, 0x98, 0x88, 0x3c, 0x0f, 0xee, 0xf8, 0x04,
  0x74, 0xb5, 0x0e, 0x2e, 0x14, 0x6c, 0x7a, 0x38, 0x89, 0x77, 0xa4, 0x59,
  0xa5, 0x54, 0x7b, 0x25, 0x75, 0x49, 0x6c, 0x70, 0xd7, 0xa2, 0x97, 0x58,
  0x29, 0x78, 0x5e, 0x99, 0x1d, 0xc7, 0x93, 0xf9, 0x52, 0xd7, 0x3f, 0x94,
  0x0a, 0x85, 0x4f, 0xee, 0xdb, 0xb7, 0xef, 0xf0, 0xf1, 0x1d, 0x3b, 0x68,
  0xfd, 0xfa, 0xf5, 0xce, 0xc0, 0xc0, 0x00, 0x0f, 0x0f, 0x0f, 0x13, 0xb0,
  0xe1, 0xc7, 0x72, 0x7f, 0x03, 0x03, 0x03, 0xdc, 0xec, 0x06, 0x37, 0xa3,
  0x86, 0xb6, 0xab, 0xd1, 0x36, 0x30, 0xed, 0xf1, 0x63, 0x1c, 0xe9, 0xe6,
  0x2b, 0x16, 0xba, 0x9e, 0xca, 0xe5, 0x27, 0x79, 0x72, 0x7c, 0xd4, 0x1c,
  0x3e, 0x74, 0xc4, 0x48, 0x30, 0x09, 0x69, 0x25, 0x0e, 0x8c, 0x74, 0xe0,
  0x54, 0x2b, 0x50, 0xf5, 0x90, 0x38, 0xa8, 0x73, 0x5a, 0xa1, 0x07, 0x32,
  0x6c, 0xd1, 0x4a, 0x9a, 0x35, 0x67, 0x4e, 0x4a, 0x18, 0x92, 0x0c, 0xb0,
  0x61, 0xa3, 0x99, 0x0d, 0xb3, 0x22, 0x62, 0x7f, 0xee, 0xfc, 0x85, 0x5f,
  0xbf, 0xe7, 0x8e, 0x5b, 0xff, 0x7a, 0x7c, 0x6c, 0x04, 0x00, 0x5c, 0x00,
  0x71, 0x12, 0x1f, 0x6a, 0xc2, 0x54, 0x3f, 0x81, 0xd1, 0x46, 0x0d, 0x6d,
  0x03, 0xd3, 0x1e, 0x3f, 0x99, 0x91, 0x9e, 0xea, 0x52, 0xd2, 0xc1, 0x7c,
  0xb1, 0x44, 0x86, 0x39, 0xa7, 0x38, 0x86, 0x74, 0x3d, 0xd6, 0xcc, 0x3a,
  0x0e, 0x02, 0xd6, 0x24, 0x98, 0xea, 0x75, 0x08, 0xdf, 0x40, 0x07, 0x0c,
  0x62, 0x93, 0xca, 0x10, 0x88, 0xa4, 0xd6, 0xcb, 0x50, 0x6a, 0x62, 0x0c,
  0x0b, 0x10, 0xa4, 0xed, 0x08, 0x89, 0xb4, 0x8a, 0xd7, 0xd3, 0x86, 0x91,
  0x2f, 0x75, 0x95, 0xd7, 0xaf, 0xdf, 0x54, 0xaa, 0x54, 0x9e, 0x0a, 0xf7,
  0xee, 0xdd, 0x1b, 0xb7, 0x67, 0xbf, 0x3d, 0xd0, 0x0e, 0xf2, 0xbe, 0x68,
  0xe6, 0x9c, 0x7e, 0xf9, 0xd7, 0x7f, 0xef, 0xca, 0x58, 0xa9, 0x5f, 0x9b,
  0x3b, 0x6f, 0xfe, 0x4b, 0x1c, 0xcf, 0x5b, 0x08, 0x50, 0x9e, 0x93, 0x16,
  0x27, 0x54, 0x9e, 0x86, 0x57, 0x2a, 0xc2, 0xb8, 0x5e, 0x52, 0xcf, 0xd5,
  0x10, 0x97, 0x16, 0x49, 0xc7, 0xbd, 0x84, 0x47, 0x12, 0x1a, 0xa5, 0xeb,
  0x80, 0x29, 0xc7, 0x4a, 0x9f, 0x00, 0x9b, 0x51, 0xc7, 0x71, 0x1f, 0x77,
  0x1c, 0xe7, 0xae, 0xb2, 0x0a, 0xef, 0xfa, 0xaf, 0x7f, 0xea, 0x38, 0x06,
  0x6c, 0x33, 0xed, 0x29, 0x6f, 0x8f, 0xb6, 0x81, 0x79, 0x91, 0x8e, 0xd7,
  0xbc, 0xe6, 0xf7, 0x0b, 0x9d, 0xf3, 0x8a, 0xcb, 0x3c, 0x29, 0x96, 0x68,
  0x8d, 0xf9, 0x8e, 0xeb, 0xf6, 0x71, 0x50, 0xeb, 0x92, 0x7e, 0x5e, 0x0a,
  0x47, 0xba, 0x46, 0x6b, 0xc9, 0x42, 0x86, 0x63, 0x23, 0x83, 0x2f, 0x23,
  0x22, 0xdd, 0xdb, 0xdb, 0xbf, 0x23, 0x8e, 0x82, 0x91, 0x30, 0x8e, 0x87,
  0x99, 0xcd, 0x68, 0x50, 0x8b, 0xc7, 0xc3, 0xa9, 0xa9, 0xa9, 0x9b, 0x6e,
  0xda, 0x31, 0xde, 0x9e, 0xcd, 0xf6, 0xf8, 0x59, 0x1b, 0xff, 0x0f, 0xc5,
  0x72, 0xcb, 0x25, 0xe1, 0xa6, 0x2d, 0xc4, 0x00, 0x00, 0x00, 0x00, 0x49,
  0x45, 0x4e, 0x44, 0xae, 0x42, 0x60, 0x82,
};
static const uint32_t aircraft_airbus_a350_png_len = 19291;
